IHE-MADO,EU-MADO,MS,Consumer,Producer,Documentation,EHDS,EHDS-Consumer,EHDS-Producer
MadoFhirBundle.id,EuMadoBundle.id,,,,,,,
MadoFhirBundle.meta,EuMadoBundle.meta,,,,,,,
MadoFhirBundle.implicitRules,EuMadoBundle.implicitRules,,,,,,,
MadoFhirBundle.language,EuMadoBundle.language,,,,,,,
MadoFhirBundle.identifier,EuMadoBundle.identifier,MS,,SHALL:populate,Required by MADO,,,
MadoFhirBundle.type,EuMadoBundle.type,,,,,,,
MadoFhirBundle.timestamp,EuMadoBundle.timestamp,MS,,SHALL:populate,Required by MADO,,,
MadoFhirBundle.total,EuMadoBundle.total,,,,,,,
MadoFhirBundle.link,EuMadoBundle.link,,,,,,,
MadoFhirBundle.link.id,EuMadoBundle.link.id,,,,,,,
MadoFhirBundle.link.extension,EuMadoBundle.link.extension,,,,,,,
MadoFhirBundle.link.modifierExtension,EuMadoBundle.link.modifierExtension,,,,,,,
MadoFhirBundle.link.relation,EuMadoBundle.link.relation,,,,,,,
MadoFhirBundle.link.url,EuMadoBundle.link.url,,,,,,,
MadoFhirBundle.entry,EuMadoBundle.entry,,,,,,,
MadoFhirBundle.entry.id,EuMadoBundle.entry.id,,,,,,,
MadoFhirBundle.entry.extension,EuMadoBundle.entry.extension,,,,,,,
MadoFhirBundle.entry.modifierExtension,EuMadoBundle.entry.modifierExtension,,,,,,,
MadoFhirBundle.entry.link,EuMadoBundle.entry.link,,,,,,,
MadoFhirBundle.entry.fullUrl,EuMadoBundle.entry.fullUrl,,,,,,,
MadoFhirBundle.entry.resource,EuMadoBundle.entry.resource,,,,,,,
MadoFhirBundle.entry.search,EuMadoBundle.entry.search,,,,,,,
MadoFhirBundle.entry.search.id,EuMadoBundle.entry.search.id,,,,,,,
MadoFhirBundle.entry.search.extension,EuMadoBundle.entry.search.extension,,,,,,,
MadoFhirBundle.entry.search.modifierExtension,EuMadoBundle.entry.search.modifierExtension,,,,,,,
MadoFhirBundle.entry.search.mode,EuMadoBundle.entry.search.mode,,,,,,,
MadoFhirBundle.entry.search.score,EuMadoBundle.entry.search.score,,,,,,,
MadoFhirBundle.entry.request,EuMadoBundle.entry.request,,,,,,,
MadoFhirBundle.entry.request.id,EuMadoBundle.entry.request.id,,,,,,,
MadoFhirBundle.entry.request.extension,EuMadoBundle.entry.request.extension,,,,,,,
MadoFhirBundle.entry.request.modifierExtension,EuMadoBundle.entry.request.modifierExtension,,,,,,,
MadoFhirBundle.entry.request.method,EuMadoBundle.entry.request.method,,,,,,,
MadoFhirBundle.entry.request.url,EuMadoBundle.entry.request.url,,,,,,,
MadoFhirBundle.entry.request.ifNoneMatch,EuMadoBundle.entry.request.ifNoneMatch,,,,,,,
MadoFhirBundle.entry.request.ifModifiedSince,EuMadoBundle.entry.request.ifModifiedSince,,,,,,,
MadoFhirBundle.entry.request.ifMatch,EuMadoBundle.entry.request.ifMatch,,,,,,,
MadoFhirBundle.entry.request.ifNoneExist,EuMadoBundle.entry.request.ifNoneExist,,,,,,,
MadoFhirBundle.entry.response,EuMadoBundle.entry.response,,,,,,,
MadoFhirBundle.entry.response.id,EuMadoBundle.entry.response.id,,,,,,,
MadoFhirBundle.entry.response.extension,EuMadoBundle.entry.response.extension,,,,,,,
MadoFhirBundle.entry.response.modifierExtension,EuMadoBundle.entry.response.modifierExtension,,,,,,,
MadoFhirBundle.entry.response.status,EuMadoBundle.entry.response.status,,,,,,,
MadoFhirBundle.entry.response.location,EuMadoBundle.entry.response.location,,,,,,,
MadoFhirBundle.entry.response.etag,EuMadoBundle.entry.response.etag,,,,,,,
MadoFhirBundle.entry.response.lastModified,EuMadoBundle.entry.response.lastModified,,,,,,,
MadoFhirBundle.entry.response.outcome,EuMadoBundle.entry.response.outcome,,,,,,,
MadoFhirBundle.entry[composition],EuMadoBundle.entry[composition],MS,,SHALL:populate,Required by MADO,,,
MadoFhirBundle.entry[imaging-study],EuMadoBundle.entry[imaging-study],MS,,SHALL:populate,Required by MADO,,,
MadoFhirBundle.entry[patient],EuMadoBundle.entry[patient],MS,,SHALL:populate,Required by MADO,,,
MadoFhirBundle.entry[wado-endpoint],EuMadoBundle.entry[wado-endpoint],MS,,SHALL:populate-if-known,Required by MADO,,,
MadoFhirBundle.entry[web-endpoint],EuMadoBundle.entry[web-endpoint],MS,,SHALL:populate-if-known,Required by MADO,,,
MadoFhirBundle.entry[creator],EuMadoBundle.entry[creator],MS,,SHALL:populate,Required by MADO,,,
MadoFhirBundle.entry[creator-organization],EuMadoBundle.entry[creator-organization],MS,,SHALL:populate,Required by MADO,,,
MadoFhirBundle.entry[requested-procedure],EuMadoBundle.entry[requested-procedure],MS,,SHALL:able-to-populate,Required by MADO.,,,
MadoFhirBundle.signature,EuMadoBundle.signature,,,,,,,
MadoComposition.id,EuMadoComposition.id,,,,,,,
MadoComposition.meta,EuMadoComposition.meta,,,,,,,
MadoComposition.implicitRules,EuMadoComposition.implicitRules,,,,,,,
MadoComposition.language,EuMadoComposition.language,MS,SHOULD:process,SHALL:able-to-populate,EHDSImagingStudy.language,,,
MadoComposition.text,EuMadoComposition.text,MS,,SHALL:populate,From MADO,,,
MadoComposition.text.id,EuMadoComposition.text.id,,,,,,,
MadoComposition.text.extension,EuMadoComposition.text.extension,,,,,,,
MadoComposition.text.status,EuMadoComposition.text.status,,,,,,,
MadoComposition.text.div,EuMadoComposition.text.div,,,,,,,
MadoComposition.contained,EuMadoComposition.contained,,,,,,,
MadoComposition.extension,EuMadoComposition.extension,,,,,,,
MadoComposition.modifierExtension,EuMadoComposition.modifierExtension,,,,,,,
MadoComposition.identifier,EuMadoComposition.identifier,MS,,SHALL:populate,From MADO,,,
MadoComposition.status,EuMadoComposition.status,MS,SHOULD:process,SHALL:able-to-populate,EHDSImagingStudy.status,,,
MadoComposition.type,EuMadoComposition.type,MS,,SHALL:able-to-populate,From MADO,,,
MadoComposition.category,EuMadoComposition.category,MS,,SHOULD:able-to-populate,From MADO,,,
MadoComposition.subject,EuMadoComposition.subject,MS,SHOULD:process,SHALL:able-to-populate,EHDSImagingStudy.subject,,,
MadoComposition.encounter,EuMadoComposition.encounter,,,,,,,
MadoComposition.date,EuMadoComposition.date,MS,SHOULD:process,SHALL:able-to-populate,EHDSImagingStudy.date,,,
MadoComposition.author,EuMadoComposition.author,,,,,,,
MadoComposition.author[source-organization],EuMadoComposition.author[source-organization],MS,SHOULD:process,SHALL:able-to-populate,EHDSImagingStudy.author[EHDSOrganization],,,
MadoComposition.author[source-device],EuMadoComposition.author[source-device],MS,SHOULD:process,SHALL:able-to-populate,EHDSImagingStudy.author[EHDSDevice],,,
MadoComposition.title,EuMadoComposition.title,MS,,SHALL:populate,From MADO,,,
MadoComposition.confidentiality,EuMadoComposition.confidentiality,,,,,,,
MadoComposition.attester,EuMadoComposition.attester,,,,,,,
MadoComposition.attester.id,EuMadoComposition.attester.id,,,,,,,
MadoComposition.attester.extension,EuMadoComposition.attester.extension,,,,,,,
MadoComposition.attester.modifierExtension,EuMadoComposition.attester.modifierExtension,,,,,,,
MadoComposition.attester.mode,EuMadoComposition.attester.mode,,,,,,,
MadoComposition.attester.time,EuMadoComposition.attester.time,,,,,,,
MadoComposition.attester.party,EuMadoComposition.attester.party,,,,,,,
MadoComposition.custodian,EuMadoComposition.custodian,MS,SHOULD:process,SHALL:able-to-populate,EHDSImagingStudy.custodian,,,
MadoComposition.relatesTo,EuMadoComposition.relatesTo,,,,,,,
MadoComposition.relatesTo.id,EuMadoComposition.relatesTo.id,,,,,,,
MadoComposition.relatesTo.extension,EuMadoComposition.relatesTo.extension,,,,,,,
MadoComposition.relatesTo.modifierExtension,EuMadoComposition.relatesTo.modifierExtension,,,,,,,
MadoComposition.relatesTo.code,EuMadoComposition.relatesTo.code,,,,,,,
MadoComposition.relatesTo.target[x],EuMadoComposition.relatesTo.target[x],,,,,,,
MadoComposition.event,EuMadoComposition.event,,,,,,,
MadoComposition.event.id,EuMadoComposition.event.id,,,,,,,
MadoComposition.event.extension,EuMadoComposition.event.extension,,,,,,,
MadoComposition.event.modifierExtension,EuMadoComposition.event.modifierExtension,,,,,,,
MadoComposition.event.code,EuMadoComposition.event.code,,,,,,,
MadoComposition.event.period,EuMadoComposition.event.period,,,,,,,
MadoComposition.event.detail,EuMadoComposition.event.detail,,,,,,,
MadoComposition.event[imaging-study],EuMadoComposition.event[imaging-study],MS,,SHALL:populate,From MADO,,,
MadoComposition.section,EuMadoComposition.section,MS,,MAY:able-to-populate,From MADO,,,
MadoComposition.section.id,EuMadoComposition.section.id,,,,,,,
MadoComposition.section.extension,EuMadoComposition.section.extension,,,,,,,
MadoComposition.section.modifierExtension,EuMadoComposition.section.modifierExtension,,,,,,,
MadoComposition.section.title,EuMadoComposition.section.title,,,,,,,
MadoComposition.section.code,EuMadoComposition.section.code,,,,,,,
MadoComposition.section.author,EuMadoComposition.section.author,,,,,,,
MadoComposition.section.focus,EuMadoComposition.section.focus,,,,,,,
MadoComposition.section.text,EuMadoComposition.section.text,MS,,SHALL:populate,From MADO,,,
MadoComposition.section.text.id,EuMadoComposition.section.text.id,,,,,,,
MadoComposition.section.text.extension,EuMadoComposition.section.text.extension,,,,,,,
MadoComposition.section.text.status,EuMadoComposition.section.text.status,,,,,,,
MadoComposition.section.text.div,EuMadoComposition.section.text.div,,,,,,,
MadoComposition.section.mode,EuMadoComposition.section.mode,,,,,,,
MadoComposition.section.orderedBy,EuMadoComposition.section.orderedBy,,,,,,,
MadoComposition.section.entry,EuMadoComposition.section.entry,,,,,,,
MadoComposition.section.emptyReason,EuMadoComposition.section.emptyReason,,,,,,,
MadoComposition.section.section,EuMadoComposition.section.section,,,,,,,
MadoCreator.id,EuMadoCreator.id,,,,,,,
MadoCreator.meta,EuMadoCreator.meta,,,,,,,
MadoCreator.implicitRules,EuMadoCreator.implicitRules,,,,,,,
MadoCreator.language,EuMadoCreator.language,,,,,,,
MadoCreator.text,EuMadoCreator.text,,,,,,,
MadoCreator.contained,EuMadoCreator.contained,,,,,,,
MadoCreator.extension,EuMadoCreator.extension,,,,,,,
MadoCreator.modifierExtension,EuMadoCreator.modifierExtension,,,,,,,
MadoCreator.identifier,EuMadoCreator.identifier,,,,,,,
MadoCreator.definition,EuMadoCreator.definition,,,,,,,
MadoCreator.udiCarrier,EuMadoCreator.udiCarrier,,,,,,,
MadoCreator.udiCarrier.id,EuMadoCreator.udiCarrier.id,,,,,,,
MadoCreator.udiCarrier.extension,EuMadoCreator.udiCarrier.extension,,,,,,,
MadoCreator.udiCarrier.modifierExtension,EuMadoCreator.udiCarrier.modifierExtension,,,,,,,
MadoCreator.udiCarrier.deviceIdentifier,EuMadoCreator.udiCarrier.deviceIdentifier,,,,,,,
MadoCreator.udiCarrier.issuer,EuMadoCreator.udiCarrier.issuer,,,,,,,
MadoCreator.udiCarrier.jurisdiction,EuMadoCreator.udiCarrier.jurisdiction,,,,,,,
MadoCreator.udiCarrier.carrierAIDC,EuMadoCreator.udiCarrier.carrierAIDC,,,,,,,
MadoCreator.udiCarrier.carrierHRF,EuMadoCreator.udiCarrier.carrierHRF,,,,,,,
MadoCreator.udiCarrier.entryType,EuMadoCreator.udiCarrier.entryType,,,,,,,
MadoCreator.status,EuMadoCreator.status,,,,,,,
MadoCreator.statusReason,EuMadoCreator.statusReason,,,,,,,
MadoCreator.distinctIdentifier,EuMadoCreator.distinctIdentifier,,,,,,,
MadoCreator.manufacturer,EuMadoCreator.manufacturer,MS,,SHALL:able-to-populate,Required by MADO,,,
MadoCreator.manufactureDate,EuMadoCreator.manufactureDate,,,,,,,
MadoCreator.expirationDate,EuMadoCreator.expirationDate,,,,,,,
MadoCreator.lotNumber,EuMadoCreator.lotNumber,,,,,,,
MadoCreator.serialNumber,EuMadoCreator.serialNumber,,,,,,,
MadoCreator.deviceName,EuMadoCreator.deviceName,,,,,,,
MadoCreator.deviceName.id,EuMadoCreator.deviceName.id,,,,,,,
MadoCreator.deviceName.extension,EuMadoCreator.deviceName.extension,,,,,,,
MadoCreator.deviceName.modifierExtension,EuMadoCreator.deviceName.modifierExtension,,,,,,,
MadoCreator.deviceName.name,EuMadoCreator.deviceName.name,,,,,,,
MadoCreator.deviceName.type,EuMadoCreator.deviceName.type,,,,,,,
MadoCreator.modelNumber,EuMadoCreator.modelNumber,,,,,,,
MadoCreator.partNumber,EuMadoCreator.partNumber,,,,,,,
MadoCreator.type,EuMadoCreator.type,MS,,SHALL:able-to-populate,Required by MADO,,,
MadoCreator.type.id,EuMadoCreator.type.id,,,,,,,
MadoCreator.type.extension,EuMadoCreator.type.extension,,,,,,,
MadoCreator.type.coding,EuMadoCreator.type.coding,,,,,,,
MadoCreator.type.coding.id,EuMadoCreator.type.coding.id,,,,,,,
MadoCreator.type.coding.extension,EuMadoCreator.type.coding.extension,,,,,,,
MadoCreator.type.coding.system,EuMadoCreator.type.coding.system,,,,,,,
MadoCreator.type.coding.version,EuMadoCreator.type.coding.version,,,,,,,
MadoCreator.type.coding.code,EuMadoCreator.type.coding.code,,,,,,,
MadoCreator.type.coding.display,EuMadoCreator.type.coding.display,,,,,,,
MadoCreator.type.coding.userSelected,EuMadoCreator.type.coding.userSelected,,,,,,,
MadoCreator.type.text,EuMadoCreator.type.text,,,,,,,
MadoCreator.specialization,EuMadoCreator.specialization,,,,,,,
MadoCreator.specialization.id,EuMadoCreator.specialization.id,,,,,,,
MadoCreator.specialization.extension,EuMadoCreator.specialization.extension,,,,,,,
MadoCreator.specialization.modifierExtension,EuMadoCreator.specialization.modifierExtension,,,,,,,
MadoCreator.specialization.systemType,EuMadoCreator.specialization.systemType,,,,,,,
MadoCreator.specialization.version,EuMadoCreator.specialization.version,,,,,,,
MadoCreator.version,EuMadoCreator.version,,,,,,,
MadoCreator.version.id,EuMadoCreator.version.id,,,,,,,
MadoCreator.version.extension,EuMadoCreator.version.extension,,,,,,,
MadoCreator.version.modifierExtension,EuMadoCreator.version.modifierExtension,,,,,,,
MadoCreator.version.type,EuMadoCreator.version.type,,,,,,,
MadoCreator.version.component,EuMadoCreator.version.component,,,,,,,
MadoCreator.version.value,EuMadoCreator.version.value,,,,,,,
MadoCreator.property,EuMadoCreator.property,,,,,,,
MadoCreator.property.id,EuMadoCreator.property.id,,,,,,,
MadoCreator.property.extension,EuMadoCreator.property.extension,,,,,,,
MadoCreator.property.modifierExtension,EuMadoCreator.property.modifierExtension,,,,,,,
MadoCreator.property.type,EuMadoCreator.property.type,,,,,,,
MadoCreator.property.valueQuantity,EuMadoCreator.property.valueQuantity,,,,,,,
MadoCreator.property.valueCode,EuMadoCreator.property.valueCode,,,,,,,
MadoCreator.patient,EuMadoCreator.patient,,,,,,,
MadoCreator.owner,EuMadoCreator.owner,MS,,SHALL:able-to-populate,Required by MADO,,,
MadoCreator.contact,EuMadoCreator.contact,,,,,,,
MadoCreator.location,EuMadoCreator.location,,,,,,,
MadoCreator.url,EuMadoCreator.url,,,,,,,
MadoCreator.note,EuMadoCreator.note,,,,,,,
MadoCreator.safety,EuMadoCreator.safety,,,,,,,
MadoCreator.parent,EuMadoCreator.parent,,,,,,,
MadoCreatorOrganization.id,EuMadoCreatorOrganization.id,,,,,,,
MadoCreatorOrganization.meta,EuMadoCreatorOrganization.meta,,,,,,,
MadoCreatorOrganization.implicitRules,EuMadoCreatorOrganization.implicitRules,,,,,,,
MadoCreatorOrganization.language,EuMadoCreatorOrganization.language,,,,,,,
MadoCreatorOrganization.text,EuMadoCreatorOrganization.text,,,,,,,
MadoCreatorOrganization.contained,EuMadoCreatorOrganization.contained,,,,,,,
MadoCreatorOrganization.extension,EuMadoCreatorOrganization.extension,,,,,,,
MadoCreatorOrganization.modifierExtension,EuMadoCreatorOrganization.modifierExtension,,,,,,,
MadoCreatorOrganization.identifier,EuMadoCreatorOrganization.identifier,MS,,SHALL:able-to-populate,Required by MADO,,,
MadoCreatorOrganization.active,EuMadoCreatorOrganization.active,,,,,,,
MadoCreatorOrganization.type,EuMadoCreatorOrganization.type,MS,,SHALL:able-to-populate,Required by MADO,,,
MadoCreatorOrganization.name,EuMadoCreatorOrganization.name,MS,,SHALL:able-to-populate,Required by MADO,,,
MadoCreatorOrganization.alias,EuMadoCreatorOrganization.alias,,,,,,,
MadoCreatorOrganization.telecom,EuMadoCreatorOrganization.telecom,,,,,,,
MadoCreatorOrganization.address,EuMadoCreatorOrganization.address,,,,,,,
MadoCreatorOrganization.partOf,EuMadoCreatorOrganization.partOf,,,,,,,
MadoCreatorOrganization.contact,EuMadoCreatorOrganization.contact,,,,,,,
MadoCreatorOrganization.contact.id,EuMadoCreatorOrganization.contact.id,,,,,,,
MadoCreatorOrganization.contact.extension,EuMadoCreatorOrganization.contact.extension,,,,,,,
MadoCreatorOrganization.contact.modifierExtension,EuMadoCreatorOrganization.contact.modifierExtension,,,,,,,
MadoCreatorOrganization.contact.purpose,EuMadoCreatorOrganization.contact.purpose,,,,,,,
MadoCreatorOrganization.contact.name,EuMadoCreatorOrganization.contact.name,,,,,,,
MadoCreatorOrganization.contact.telecom,EuMadoCreatorOrganization.contact.telecom,,,,,,,
MadoCreatorOrganization.contact.address,EuMadoCreatorOrganization.contact.address,,,,,,,
MadoCreatorOrganization.endpoint,EuMadoCreatorOrganization.endpoint,,,,,,,
MadoDicomKosDocumentReference.id,EuMadoDicomKosDocumentReference.id,,,,,,,
MadoDicomKosDocumentReference.meta,EuMadoDicomKosDocumentReference.meta,,,,,,,
MadoDicomKosDocumentReference.meta.id,EuMadoDicomKosDocumentReference.meta.id,,,,,,,
MadoDicomKosDocumentReference.meta.extension,EuMadoDicomKosDocumentReference.meta.extension,,,,,,,
MadoDicomKosDocumentReference.meta.versionId,EuMadoDicomKosDocumentReference.meta.versionId,,,,,,,
MadoDicomKosDocumentReference.meta.lastUpdated,EuMadoDicomKosDocumentReference.meta.lastUpdated,,,,,,,
MadoDicomKosDocumentReference.meta.source,EuMadoDicomKosDocumentReference.meta.source,,,,,,,
MadoDicomKosDocumentReference.meta.profile,EuMadoDicomKosDocumentReference.meta.profile,,,,,,,
MadoDicomKosDocumentReference.meta.security,EuMadoDicomKosDocumentReference.meta.security,,,,,,,
MadoDicomKosDocumentReference.meta.tag,EuMadoDicomKosDocumentReference.meta.tag,,,,,,,
MadoDicomKosDocumentReference.implicitRules,EuMadoDicomKosDocumentReference.implicitRules,,,,,,,
MadoDicomKosDocumentReference.language,EuMadoDicomKosDocumentReference.language,,,,,,,
MadoDicomKosDocumentReference.text,EuMadoDicomKosDocumentReference.text,,,,,,,
MadoDicomKosDocumentReference.contained,EuMadoDicomKosDocumentReference.contained,,,,,,,
MadoDicomKosDocumentReference.extension,EuMadoDicomKosDocumentReference.extension,,,,,,,
MadoDicomKosDocumentReference.extension[bodysite],EuMadoDicomKosDocumentReference.extension[bodysite],MS,,,,,,
MadoDicomKosDocumentReference.extension.id,EuMadoDicomKosDocumentReference.extension.id,,,,,,,
MadoDicomKosDocumentReference.extension.extension,EuMadoDicomKosDocumentReference.extension.extension,,,,,,,
MadoDicomKosDocumentReference.extension.extension[concept],EuMadoDicomKosDocumentReference.extension.extension[concept],,,,,,,
MadoDicomKosDocumentReference.extension.extension.id,EuMadoDicomKosDocumentReference.extension.extension.id,,,,,,,
MadoDicomKosDocumentReference.extension.extension.extension,EuMadoDicomKosDocumentReference.extension.extension.extension,,,,,,,
MadoDicomKosDocumentReference.extension.extension.url,EuMadoDicomKosDocumentReference.extension.extension.url,,,,,,,
MadoDicomKosDocumentReference.extension.extension.value[x],EuMadoDicomKosDocumentReference.extension.extension.value[x],,,,,,,
MadoDicomKosDocumentReference.extension.extension[reference],EuMadoDicomKosDocumentReference.extension.extension[reference],,,,,,,
MadoDicomKosDocumentReference.extension.extension[_datatype],EuMadoDicomKosDocumentReference.extension.extension[_datatype],,,,,,,
MadoDicomKosDocumentReference.extension.url,EuMadoDicomKosDocumentReference.extension.url,,,,,,,
MadoDicomKosDocumentReference.extension.value[x],EuMadoDicomKosDocumentReference.extension.value[x],,,,,,,
MadoDicomKosDocumentReference.extension[modality],EuMadoDicomKosDocumentReference.extension[modality],MS,,,,,,
MadoDicomKosDocumentReference.modifierExtension,EuMadoDicomKosDocumentReference.modifierExtension,,,,,,,
MadoDicomKosDocumentReference.masterIdentifier,EuMadoDicomKosDocumentReference.masterIdentifier,,,,,,,
MadoDicomKosDocumentReference.identifier,EuMadoDicomKosDocumentReference.identifier,MS,,,,,,
MadoDicomKosDocumentReference.identifier[entryUUID],EuMadoDicomKosDocumentReference.identifier[entryUUID],MS,,,,,,
MadoDicomKosDocumentReference.status,EuMadoDicomKosDocumentReference.status,,,,,,,
MadoDicomKosDocumentReference.docStatus,EuMadoDicomKosDocumentReference.docStatus,,,,,,,
MadoDicomKosDocumentReference.type,EuMadoDicomKosDocumentReference.type,MS,,,,,,
MadoDicomKosDocumentReference.category,EuMadoDicomKosDocumentReference.category,MS,,,,,,
MadoDicomKosDocumentReference.subject,EuMadoDicomKosDocumentReference.subject,MS,,,,,,
MadoDicomKosDocumentReference.date,EuMadoDicomKosDocumentReference.date,MS,,,,,,
MadoDicomKosDocumentReference.author,EuMadoDicomKosDocumentReference.author,MS,,,,,,
MadoDicomKosDocumentReference.author[source-organization],EuMadoDicomKosDocumentReference.author[source-organization],MS,,,,,,
MadoDicomKosDocumentReference.author[source-device],EuMadoDicomKosDocumentReference.author[source-device],MS,,,,,,
MadoDicomKosDocumentReference.authenticator,EuMadoDicomKosDocumentReference.authenticator,,,,,,,
MadoDicomKosDocumentReference.custodian,EuMadoDicomKosDocumentReference.custodian,,,,,,,
MadoDicomKosDocumentReference.relatesTo,EuMadoDicomKosDocumentReference.relatesTo,MS,,,,,,
MadoDicomKosDocumentReference.relatesTo.id,EuMadoDicomKosDocumentReference.relatesTo.id,,,,,,,
MadoDicomKosDocumentReference.relatesTo.extension,EuMadoDicomKosDocumentReference.relatesTo.extension,,,,,,,
MadoDicomKosDocumentReference.relatesTo.modifierExtension,EuMadoDicomKosDocumentReference.relatesTo.modifierExtension,,,,,,,
MadoDicomKosDocumentReference.relatesTo.code,EuMadoDicomKosDocumentReference.relatesTo.code,,,,,,,
MadoDicomKosDocumentReference.relatesTo.target,EuMadoDicomKosDocumentReference.relatesTo.target,,,,,,,
MadoDicomKosDocumentReference.relatesTo[fhir-reference],EuMadoDicomKosDocumentReference.relatesTo[fhir-reference],MS,,,,,,
MadoDicomKosDocumentReference.description,EuMadoDicomKosDocumentReference.description,,,,,,,
MadoDicomKosDocumentReference.securityLabel,EuMadoDicomKosDocumentReference.securityLabel,MS,,,,,,
MadoDicomKosDocumentReference.content,EuMadoDicomKosDocumentReference.content,,,,,,,
MadoDicomKosDocumentReference.content.id,EuMadoDicomKosDocumentReference.content.id,,,,,,,
MadoDicomKosDocumentReference.content.extension,EuMadoDicomKosDocumentReference.content.extension,,,,,,,
MadoDicomKosDocumentReference.content.modifierExtension,EuMadoDicomKosDocumentReference.content.modifierExtension,,,,,,,
MadoDicomKosDocumentReference.content.attachment,EuMadoDicomKosDocumentReference.content.attachment,,,,,,,
MadoDicomKosDocumentReference.content.attachment.id,EuMadoDicomKosDocumentReference.content.attachment.id,,,,,,,
MadoDicomKosDocumentReference.content.attachment.extension,EuMadoDicomKosDocumentReference.content.attachment.extension,,,,,,,
MadoDicomKosDocumentReference.content.attachment.contentType,EuMadoDicomKosDocumentReference.content.attachment.contentType,,,,,,,
MadoDicomKosDocumentReference.content.attachment.language,EuMadoDicomKosDocumentReference.content.attachment.language,MS,,,,,,
MadoDicomKosDocumentReference.content.attachment.data,EuMadoDicomKosDocumentReference.content.attachment.data,,,,,,,
MadoDicomKosDocumentReference.content.attachment.url,EuMadoDicomKosDocumentReference.content.attachment.url,,,,,,,
MadoDicomKosDocumentReference.content.attachment.size,EuMadoDicomKosDocumentReference.content.attachment.size,,,,,,,
MadoDicomKosDocumentReference.content.attachment.hash,EuMadoDicomKosDocumentReference.content.attachment.hash,,,,,,,
MadoDicomKosDocumentReference.content.attachment.title,EuMadoDicomKosDocumentReference.content.attachment.title,,,,,,,
MadoDicomKosDocumentReference.content.attachment.creation,EuMadoDicomKosDocumentReference.content.attachment.creation,MS,,,,,,
MadoDicomKosDocumentReference.content.format,EuMadoDicomKosDocumentReference.content.format,MS,,,,,,
MadoDicomKosDocumentReference.context,EuMadoDicomKosDocumentReference.context,,,,,,,
MadoDicomKosDocumentReference.context.id,EuMadoDicomKosDocumentReference.context.id,,,,,,,
MadoDicomKosDocumentReference.context.extension,EuMadoDicomKosDocumentReference.context.extension,,,,,,,
MadoDicomKosDocumentReference.context.modifierExtension,EuMadoDicomKosDocumentReference.context.modifierExtension,,,,,,,
MadoDicomKosDocumentReference.context.encounter,EuMadoDicomKosDocumentReference.context.encounter,,,,,,,
MadoDicomKosDocumentReference.context.event,EuMadoDicomKosDocumentReference.context.event,,,,,,,
MadoDicomKosDocumentReference.context.period,EuMadoDicomKosDocumentReference.context.period,MS,,,,,,
MadoDicomKosDocumentReference.context.period.id,EuMadoDicomKosDocumentReference.context.period.id,,,,,,,
MadoDicomKosDocumentReference.context.period.extension,EuMadoDicomKosDocumentReference.context.period.extension,,,,,,,
MadoDicomKosDocumentReference.context.period.start,EuMadoDicomKosDocumentReference.context.period.start,,,,,,,
MadoDicomKosDocumentReference.context.period.end,EuMadoDicomKosDocumentReference.context.period.end,,,,,,,
MadoDicomKosDocumentReference.context.facilityType,EuMadoDicomKosDocumentReference.context.facilityType,MS,,,,,,
MadoDicomKosDocumentReference.context.practiceSetting,EuMadoDicomKosDocumentReference.context.practiceSetting,MS,,,,,,
MadoDicomKosDocumentReference.context.sourcePatientInfo,EuMadoDicomKosDocumentReference.context.sourcePatientInfo,MS,,,,,,
MadoDicomKosDocumentReference.context.sourcePatientInfo.id,EuMadoDicomKosDocumentReference.context.sourcePatientInfo.id,,,,,,,
MadoDicomKosDocumentReference.context.sourcePatientInfo.extension,EuMadoDicomKosDocumentReference.context.sourcePatientInfo.extension,,,,,,,
MadoDicomKosDocumentReference.context.sourcePatientInfo.reference,EuMadoDicomKosDocumentReference.context.sourcePatientInfo.reference,,,,,,,
MadoDicomKosDocumentReference.context.sourcePatientInfo.type,EuMadoDicomKosDocumentReference.context.sourcePatientInfo.type,,,,,,,
MadoDicomKosDocumentReference.context.sourcePatientInfo.identifier,EuMadoDicomKosDocumentReference.context.sourcePatientInfo.identifier,,,,,,,
MadoDicomKosDocumentReference.context.sourcePatientInfo.display,EuMadoDicomKosDocumentReference.context.sourcePatientInfo.display,,,,,,,
MadoDicomKosDocumentReference.context.related,EuMadoDicomKosDocumentReference.context.related,,,,,,,
MadoDicomKosDocumentReference.context.related[study-instance-uid],EuMadoDicomKosDocumentReference.context.related[study-instance-uid],MS,,,,,,
MadoDicomKosDocumentReference.context.related[accession-number],EuMadoDicomKosDocumentReference.context.related[accession-number],MS,,,,,,
MadoFhirDocumentReference.id,EuMadoFhirDocumentReference.id,,,,,,,
MadoFhirDocumentReference.meta,EuMadoFhirDocumentReference.meta,,,,,,,
MadoFhirDocumentReference.meta.id,EuMadoFhirDocumentReference.meta.id,,,,,,,
MadoFhirDocumentReference.meta.extension,EuMadoFhirDocumentReference.meta.extension,,,,,,,
MadoFhirDocumentReference.meta.versionId,EuMadoFhirDocumentReference.meta.versionId,,,,,,,
MadoFhirDocumentReference.meta.lastUpdated,EuMadoFhirDocumentReference.meta.lastUpdated,,,,,,,
MadoFhirDocumentReference.meta.source,EuMadoFhirDocumentReference.meta.source,,,,,,,
MadoFhirDocumentReference.meta.profile,EuMadoFhirDocumentReference.meta.profile,,,,,,,
MadoFhirDocumentReference.meta.security,EuMadoFhirDocumentReference.meta.security,,,,,,,
MadoFhirDocumentReference.meta.tag,EuMadoFhirDocumentReference.meta.tag,,,,,,,
MadoFhirDocumentReference.implicitRules,EuMadoFhirDocumentReference.implicitRules,,,,,,,
MadoFhirDocumentReference.language,EuMadoFhirDocumentReference.language,,,,,,,
MadoFhirDocumentReference.text,EuMadoFhirDocumentReference.text,,,,,,,
MadoFhirDocumentReference.contained,EuMadoFhirDocumentReference.contained,,,,,,,
MadoFhirDocumentReference.extension,EuMadoFhirDocumentReference.extension,,,,,,,
MadoFhirDocumentReference.extension[bodysite],EuMadoFhirDocumentReference.extension[bodysite],MS,,,,,,
MadoFhirDocumentReference.extension.id,EuMadoFhirDocumentReference.extension.id,,,,,,,
MadoFhirDocumentReference.extension.extension,EuMadoFhirDocumentReference.extension.extension,,,,,,,
MadoFhirDocumentReference.extension.extension[concept],EuMadoFhirDocumentReference.extension.extension[concept],,,,,,,
MadoFhirDocumentReference.extension.extension.id,EuMadoFhirDocumentReference.extension.extension.id,,,,,,,
MadoFhirDocumentReference.extension.extension.extension,EuMadoFhirDocumentReference.extension.extension.extension,,,,,,,
MadoFhirDocumentReference.extension.extension.url,EuMadoFhirDocumentReference.extension.extension.url,,,,,,,
MadoFhirDocumentReference.extension.extension.value[x],EuMadoFhirDocumentReference.extension.extension.value[x],,,,,,,
MadoFhirDocumentReference.extension.extension[reference],EuMadoFhirDocumentReference.extension.extension[reference],,,,,,,
MadoFhirDocumentReference.extension.extension[_datatype],EuMadoFhirDocumentReference.extension.extension[_datatype],,,,,,,
MadoFhirDocumentReference.extension.url,EuMadoFhirDocumentReference.extension.url,,,,,,,
MadoFhirDocumentReference.extension.value[x],EuMadoFhirDocumentReference.extension.value[x],,,,,,,
MadoFhirDocumentReference.extension[modality],EuMadoFhirDocumentReference.extension[modality],MS,,,,,,
MadoFhirDocumentReference.modifierExtension,EuMadoFhirDocumentReference.modifierExtension,,,,,,,
MadoFhirDocumentReference.masterIdentifier,EuMadoFhirDocumentReference.masterIdentifier,,,,,,,
MadoFhirDocumentReference.identifier,EuMadoFhirDocumentReference.identifier,MS,,,,,,
MadoFhirDocumentReference.identifier[entryUUID],EuMadoFhirDocumentReference.identifier[entryUUID],MS,,,,,,
MadoFhirDocumentReference.status,EuMadoFhirDocumentReference.status,,,,,,,
MadoFhirDocumentReference.docStatus,EuMadoFhirDocumentReference.docStatus,,,,,,,
MadoFhirDocumentReference.type,EuMadoFhirDocumentReference.type,MS,,,,,,
MadoFhirDocumentReference.category,EuMadoFhirDocumentReference.category,MS,,,,,,
MadoFhirDocumentReference.subject,EuMadoFhirDocumentReference.subject,MS,,,,,,
MadoFhirDocumentReference.date,EuMadoFhirDocumentReference.date,MS,,,,,,
MadoFhirDocumentReference.author,EuMadoFhirDocumentReference.author,MS,,,,,,
MadoFhirDocumentReference.author[source-organization],EuMadoFhirDocumentReference.author[source-organization],MS,,,,,,
MadoFhirDocumentReference.author[source-device],EuMadoFhirDocumentReference.author[source-device],MS,,,,,,
MadoFhirDocumentReference.authenticator,EuMadoFhirDocumentReference.authenticator,,,,,,,
MadoFhirDocumentReference.custodian,EuMadoFhirDocumentReference.custodian,,,,,,,
MadoFhirDocumentReference.relatesTo,EuMadoFhirDocumentReference.relatesTo,MS,,,,,,
MadoFhirDocumentReference.relatesTo.id,EuMadoFhirDocumentReference.relatesTo.id,,,,,,,
MadoFhirDocumentReference.relatesTo.extension,EuMadoFhirDocumentReference.relatesTo.extension,,,,,,,
MadoFhirDocumentReference.relatesTo.modifierExtension,EuMadoFhirDocumentReference.relatesTo.modifierExtension,,,,,,,
MadoFhirDocumentReference.relatesTo.code,EuMadoFhirDocumentReference.relatesTo.code,,,,,,,
MadoFhirDocumentReference.relatesTo.target,EuMadoFhirDocumentReference.relatesTo.target,,,,,,,
MadoFhirDocumentReference.relatesTo[kos-reference],EuMadoFhirDocumentReference.relatesTo[kos-reference],MS,,,,,,
MadoFhirDocumentReference.description,EuMadoFhirDocumentReference.description,,,,,,,
MadoFhirDocumentReference.securityLabel,EuMadoFhirDocumentReference.securityLabel,MS,,,,,,
MadoFhirDocumentReference.content,EuMadoFhirDocumentReference.content,,,,,,,
MadoFhirDocumentReference.content.id,EuMadoFhirDocumentReference.content.id,,,,,,,
MadoFhirDocumentReference.content.extension,EuMadoFhirDocumentReference.content.extension,,,,,,,
MadoFhirDocumentReference.content.extension[profile],EuMadoFhirDocumentReference.content.extension[profile],,,,,,,
MadoFhirDocumentReference.content.extension.id,EuMadoFhirDocumentReference.content.extension.id,,,,,,,
MadoFhirDocumentReference.content.extension.extension,EuMadoFhirDocumentReference.content.extension.extension,,,,,,,
MadoFhirDocumentReference.content.extension.extension[value[x]],EuMadoFhirDocumentReference.content.extension.extension[value[x]],,,,,,,
MadoFhirDocumentReference.content.extension.extension.id,EuMadoFhirDocumentReference.content.extension.extension.id,,,,,,,
MadoFhirDocumentReference.content.extension.extension.extension,EuMadoFhirDocumentReference.content.extension.extension.extension,,,,,,,
MadoFhirDocumentReference.content.extension.extension.url,EuMadoFhirDocumentReference.content.extension.extension.url,,,,,,,
MadoFhirDocumentReference.content.extension.extension.value[x],EuMadoFhirDocumentReference.content.extension.extension.value[x],,,,,,,
MadoFhirDocumentReference.content.extension.extension.value[x][valueCanonical],EuMadoFhirDocumentReference.content.extension.extension.value[x][valueCanonical],,,,,,,
MadoFhirDocumentReference.content.extension.url,EuMadoFhirDocumentReference.content.extension.url,,,,,,,
MadoFhirDocumentReference.content.extension.value[x],EuMadoFhirDocumentReference.content.extension.value[x],,,,,,,
MadoFhirDocumentReference.content.modifierExtension,EuMadoFhirDocumentReference.content.modifierExtension,,,,,,,
MadoFhirDocumentReference.content.attachment,EuMadoFhirDocumentReference.content.attachment,,,,,,,
MadoFhirDocumentReference.content.attachment.id,EuMadoFhirDocumentReference.content.attachment.id,,,,,,,
MadoFhirDocumentReference.content.attachment.extension,EuMadoFhirDocumentReference.content.attachment.extension,,,,,,,
MadoFhirDocumentReference.content.attachment.contentType,EuMadoFhirDocumentReference.content.attachment.contentType,,,,,,,
MadoFhirDocumentReference.content.attachment.language,EuMadoFhirDocumentReference.content.attachment.language,MS,,,,,,
MadoFhirDocumentReference.content.attachment.data,EuMadoFhirDocumentReference.content.attachment.data,,,,,,,
MadoFhirDocumentReference.content.attachment.url,EuMadoFhirDocumentReference.content.attachment.url,,,,,,,
MadoFhirDocumentReference.content.attachment.size,EuMadoFhirDocumentReference.content.attachment.size,,,,,,,
MadoFhirDocumentReference.content.attachment.hash,EuMadoFhirDocumentReference.content.attachment.hash,,,,,,,
MadoFhirDocumentReference.content.attachment.title,EuMadoFhirDocumentReference.content.attachment.title,,,,,,,
MadoFhirDocumentReference.content.attachment.creation,EuMadoFhirDocumentReference.content.attachment.creation,MS,,,,,,
MadoFhirDocumentReference.content.format,EuMadoFhirDocumentReference.content.format,MS,,,,,,
MadoFhirDocumentReference.content.format.id,EuMadoFhirDocumentReference.content.format.id,,,,,,,
MadoFhirDocumentReference.content.format.extension,EuMadoFhirDocumentReference.content.format.extension,,,,,,,
MadoFhirDocumentReference.content.format.system,EuMadoFhirDocumentReference.content.format.system,,,,,,,
MadoFhirDocumentReference.content.format.version,EuMadoFhirDocumentReference.content.format.version,,,,,,,
MadoFhirDocumentReference.content.format.code,EuMadoFhirDocumentReference.content.format.code,,,,,,,
MadoFhirDocumentReference.content.format.display,EuMadoFhirDocumentReference.content.format.display,,,,,,,
MadoFhirDocumentReference.content.format.userSelected,EuMadoFhirDocumentReference.content.format.userSelected,,,,,,,
MadoFhirDocumentReference.context,EuMadoFhirDocumentReference.context,,,,,,,
MadoFhirDocumentReference.context.id,EuMadoFhirDocumentReference.context.id,,,,,,,
MadoFhirDocumentReference.context.extension,EuMadoFhirDocumentReference.context.extension,,,,,,,
MadoFhirDocumentReference.context.modifierExtension,EuMadoFhirDocumentReference.context.modifierExtension,,,,,,,
MadoFhirDocumentReference.context.encounter,EuMadoFhirDocumentReference.context.encounter,,,,,,,
MadoFhirDocumentReference.context.event,EuMadoFhirDocumentReference.context.event,,,,,,,
MadoFhirDocumentReference.context.period,EuMadoFhirDocumentReference.context.period,MS,,,,,,
MadoFhirDocumentReference.context.period.id,EuMadoFhirDocumentReference.context.period.id,,,,,,,
MadoFhirDocumentReference.context.period.extension,EuMadoFhirDocumentReference.context.period.extension,,,,,,,
MadoFhirDocumentReference.context.period.start,EuMadoFhirDocumentReference.context.period.start,,,,,,,
MadoFhirDocumentReference.context.period.end,EuMadoFhirDocumentReference.context.period.end,,,,,,,
MadoFhirDocumentReference.context.facilityType,EuMadoFhirDocumentReference.context.facilityType,MS,,,,,,
MadoFhirDocumentReference.context.practiceSetting,EuMadoFhirDocumentReference.context.practiceSetting,MS,,,,,,
MadoFhirDocumentReference.context.sourcePatientInfo,EuMadoFhirDocumentReference.context.sourcePatientInfo,MS,,,,,,
MadoFhirDocumentReference.context.sourcePatientInfo.id,EuMadoFhirDocumentReference.context.sourcePatientInfo.id,,,,,,,
MadoFhirDocumentReference.context.sourcePatientInfo.extension,EuMadoFhirDocumentReference.context.sourcePatientInfo.extension,,,,,,,
MadoFhirDocumentReference.context.sourcePatientInfo.reference,EuMadoFhirDocumentReference.context.sourcePatientInfo.reference,,,,,,,
MadoFhirDocumentReference.context.sourcePatientInfo.type,EuMadoFhirDocumentReference.context.sourcePatientInfo.type,,,,,,,
MadoFhirDocumentReference.context.sourcePatientInfo.identifier,EuMadoFhirDocumentReference.context.sourcePatientInfo.identifier,,,,,,,
MadoFhirDocumentReference.context.sourcePatientInfo.display,EuMadoFhirDocumentReference.context.sourcePatientInfo.display,,,,,,,
MadoFhirDocumentReference.context.related,EuMadoFhirDocumentReference.context.related,,,,,,,
MadoFhirDocumentReference.context.related[study-instance-uid],EuMadoFhirDocumentReference.context.related[study-instance-uid],MS,,,,,,
MadoFhirDocumentReference.context.related[accession-number],EuMadoFhirDocumentReference.context.related[accession-number],MS,,,,,,
MadoImagingStudy.id,EuMadoImagingStudy.id,,,,,,,
MadoImagingStudy.meta,EuMadoImagingStudy.meta,,,,,,,
MadoImagingStudy.implicitRules,EuMadoImagingStudy.implicitRules,,,,,,,
MadoImagingStudy.language,EuMadoImagingStudy.language,,,,,,,
MadoImagingStudy.text,EuMadoImagingStudy.text,,,,,,,
MadoImagingStudy.contained,EuMadoImagingStudy.contained,,,,,,,
MadoImagingStudy.extension,EuMadoImagingStudy.extension,,,,,,,
MadoImagingStudy.extension[anatomical-region],EuMadoImagingStudy.extension[anatomical-region],MS,SHOULD:process,SHALL:able-to-populate,EHDSImagingStudy.bodySite,EHDSImagingStudy.bodySite,SHOULD:process,SHALL:able-to-populate
,EuMadoImagingStudy.extension.id,,,,,,,
,EuMadoImagingStudy.extension.extension,,,,,,,
,EuMadoImagingStudy.extension.url,,,,,,,
,EuMadoImagingStudy.extension.value[x],,,,,,,
MadoImagingStudy.modifierExtension,EuMadoImagingStudy.modifierExtension,,,,,,,
MadoImagingStudy.identifier,EuMadoImagingStudy.identifier,,,,,,,
MadoImagingStudy.identifier[study-instance-uid],EuMadoImagingStudy.identifier[study-instance-uid],MS,,SHALL:populate,Required by MADO,,,
MadoImagingStudy.status,EuMadoImagingStudy.status,,,,,,,
MadoImagingStudy.modality,EuMadoImagingStudy.modality,MS,SHOULD:process,SHALL:able-to-populate,EHDSImagingStudy.modality,EHDSImagingStudy.modality,SHOULD:process,SHALL:able-to-populate
MadoImagingStudy.subject,EuMadoImagingStudy.subject,MS,SHOULD:process,SHOULD:able-to-populate,EHDSImagingStudy.subject,,,
MadoImagingStudy.encounter,EuMadoImagingStudy.encounter,,,,,,,
MadoImagingStudy.started,EuMadoImagingStudy.started,MS,SHOULD:process,SHALL:able-to-populate,EHDSImagingStudy.started,EHDSImagingStudy.started,SHOULD:process,SHALL:able-to-populate
MadoImagingStudy.basedOn,EuMadoImagingStudy.basedOn,,,,,,,
MadoImagingStudy.basedOn[order],EuMadoImagingStudy.basedOn[order],MS,SHOULD:process,SHOULD:able-to-populate,EHDSImagingStudy.basedOn,EHDSImagingStudy.basedOn,SHOULD:process,SHOULD:able-to-populate
MadoImagingStudy.referrer,EuMadoImagingStudy.referrer,,,,,,,
MadoImagingStudy.interpreter,EuMadoImagingStudy.interpreter,,,,,,,
MadoImagingStudy.endpoint,EuMadoImagingStudy.endpoint,,,,,,,
MadoImagingStudy.endpoint[webviewer],EuMadoImagingStudy.endpoint[webviewer],MS,SHOULD:process,SHOULD:able-to-populate,EHDSImagingStudy.endpoint,,,
MadoImagingStudy.numberOfSeries,EuMadoImagingStudy.numberOfSeries,MS,SHOULD:process,SHALL:able-to-populate,EHDSImagingStudy.numberOfSeries,EHDSImagingStudy.numberOfSeries,SHOULD:process,SHALL:able-to-populate
MadoImagingStudy.numberOfInstances,EuMadoImagingStudy.numberOfInstances,MS,SHOULD:process,SHALL:able-to-populate,EHDSImagingStudy.numberOfInstances,EHDSImagingStudy.numberOfInstances,SHOULD:process,SHALL:able-to-populate
MadoImagingStudy.procedureReference,EuMadoImagingStudy.procedureReference,,,,,,,
MadoImagingStudy.procedureCode,EuMadoImagingStudy.procedureCode,MS,,SHALL-populate,Required by MADO,,,
MadoImagingStudy.location,EuMadoImagingStudy.location,,,,,,,
MadoImagingStudy.reasonCode,EuMadoImagingStudy.reasonCode,,,,,,,
MadoImagingStudy.reasonReference,EuMadoImagingStudy.reasonReference,,,,,,,
MadoImagingStudy.note,EuMadoImagingStudy.note,,,,,,,
MadoImagingStudy.description,EuMadoImagingStudy.description,MS,SHOULD:process,SHALL:able-to-populate,EHDSImagingStudy.description,EHDSImagingStudy.description,SHOULD:process,SHALL:able-to-populate
MadoImagingStudy.series,EuMadoImagingStudy.series,MS,SHOULD:process,SHALL:populate,EHDSImagingStudy.series,EHDSImagingStudy.series,SHOULD:process,SHALL:able-to-populate
MadoImagingStudy.series.id,EuMadoImagingStudy.series.id,,,,,,,
MadoImagingStudy.series.extension,EuMadoImagingStudy.series.extension,,,,,,,
MadoImagingStudy.series.modifierExtension,EuMadoImagingStudy.series.modifierExtension,,,,,,,
MadoImagingStudy.series.uid,EuMadoImagingStudy.series.uid,MS,SHOULD:process,SHALL:able-to-populate,EHDSImagingStudy.series.uid,,,
MadoImagingStudy.series.number,EuMadoImagingStudy.series.number,MS,SHOULD:process,SHALL:able-to-populate,EHDSImagingStudy.series.number,EHDSImagingStudy.series.number,SHOULD:process,SHOULD:able-to-populate
MadoImagingStudy.series.modality,EuMadoImagingStudy.series.modality,MS,SHOULD:process,SHALL:able-to-populate,EHDSImagingStudy.series.seriesModality,EHDSImagingStudy.series.seriesModality,SHOULD:process,SHALL:able-to-populate
MadoImagingStudy.series.description,EuMadoImagingStudy.series.description,MS,SHOULD:process,SHALL:able-to-populate,EHDSImagingStudy.series.description,EHDSImagingStudy.series.description,SHOULD:process,SHALL:able-to-populate
MadoImagingStudy.series.numberOfInstances,EuMadoImagingStudy.series.numberOfInstances,MS,SHOULD:process,SHALL:able-to-populate,EHDSImagingStudy.series.numberOfInstances,EHDSImagingStudy.series.numberOfInstances,SHOULD:process,SHALL:able-to-populate
MadoImagingStudy.series.endpoint,EuMadoImagingStudy.series.endpoint,,,,,,,
MadoImagingStudy.series.endpoint[wado],EuMadoImagingStudy.series.endpoint[wado],MS,SHOULD:process,SHALL:populate,EHDSImagingStudy.endpoint & EHDSImagingStudy.series.seriesEndpoint,EHDSImagingStudy.series.seriesEndpoint,SHALL:process,SHALL:able-to-populate
MadoImagingStudy.series.bodySite,EuMadoImagingStudy.series.bodySite,MS,SHOULD:process,SHALL:able-to-populate,EHDSImagingStudy.series.bodySite,EHDSImagingStudy.series.bodySite,SHOULD:process,SHALL:able-to-populate
MadoImagingStudy.series.laterality,EuMadoImagingStudy.series.laterality,,,,,,,
MadoImagingStudy.series.specimen,EuMadoImagingStudy.series.specimen,MS,,SHALL:able-to-populate,Required by MADO,,,
MadoImagingStudy.series.started,EuMadoImagingStudy.series.started,MS,SHOULD:process,SHALL:able-to-populate,EHDSImagingStudy.series.started,EHDSImagingStudy.series.started,SHOULD:process,SHALL:able-to-populate
MadoImagingStudy.series.performer,EuMadoImagingStudy.series.performer,,,,,,,
MadoImagingStudy.series.performer.id,EuMadoImagingStudy.series.performer.id,,,,,,,
MadoImagingStudy.series.performer.extension,EuMadoImagingStudy.series.performer.extension,,,,,,,
MadoImagingStudy.series.performer.modifierExtension,EuMadoImagingStudy.series.performer.modifierExtension,,,,,,,
MadoImagingStudy.series.performer.function,EuMadoImagingStudy.series.performer.function,,,,,,,
MadoImagingStudy.series.performer.actor,EuMadoImagingStudy.series.performer.actor,,,,,,,
MadoImagingStudy.series.instance,EuMadoImagingStudy.series.instance,,,,,,,
MadoImagingStudy.series.instance.id,EuMadoImagingStudy.series.instance.id,,,,,,,
MadoImagingStudy.series.instance.extension,EuMadoImagingStudy.series.instance.extension,,,,,,,
MadoImagingStudy.series.instance.extension[number-of-frames],EuMadoImagingStudy.series.instance.extension[number-of-frames],MS,,SHALL:able-to-populate,Required by MADO,,,
MadoImagingStudy.series.instance.extension[ko-document-title],EuMadoImagingStudy.series.instance.extension[ko-document-title],MS,,SHALL:able-to-populate,Required by MADO,,,
MadoImagingStudy.series.instance.modifierExtension,EuMadoImagingStudy.series.instance.modifierExtension,,,,,,,
MadoImagingStudy.series.instance.uid,EuMadoImagingStudy.series.instance.uid,MS,,SHALL:populate,Required by MADO,,,
MadoImagingStudy.series.instance.sopClass,EuMadoImagingStudy.series.instance.sopClass,MS,,SHALL:able-to-populate,Required by MADO,,,
MadoImagingStudy.series.instance.number,EuMadoImagingStudy.series.instance.number,MS,,SHALL:able-to-populate,Required by MADO,,,
MadoImagingStudy.series.instance.title,EuMadoImagingStudy.series.instance.title,MS,,SHALL:able-to-populate,Required by MADO,,,
MadoPatient.id,EuMadoPatient.id,,,,,,,
MadoPatient.meta,EuMadoPatient.meta,,,,,,,
MadoPatient.implicitRules,EuMadoPatient.implicitRules,,,,,,,
MadoPatient.language,EuMadoPatient.language,,,,,,,
MadoPatient.text,EuMadoPatient.text,,,,,,,
MadoPatient.contained,EuMadoPatient.contained,,,,,,,
MadoPatient.extension,EuMadoPatient.extension,,,,,,,
MadoPatient.modifierExtension,EuMadoPatient.modifierExtension,,,,,,,
MadoPatient.identifier,EuMadoPatient.identifier,MS,,SHALL:able-to-populate,EHDSPatient.identifier,EHDSPatient.identifier,,SHALL:able-to-populate
MadoPatient.active,EuMadoPatient.active,,,,,,,
MadoPatient.name,EuMadoPatient.name,MS,,SHALL:able-to-populate,EHDSPatient.name,EHDSPatient.name,,SHALL:able-to-populate
,EuMadoPatient.name.id,,,,,,,
,EuMadoPatient.name.extension,,,,,,,
,EuMadoPatient.name.use,,,SHALL:able-to-populate,EHDSPatient.name.use,,,
,EuMadoPatient.name.text,,,SHOULD:able-to-populate,EHDSPatient.name.text,,,
,EuMadoPatient.name.family,,,SHALL:able-to-populate,EHDSPatient.name.family,,,
,EuMadoPatient.name.given,,,SHALL:able-to-populate,EHDSPatient.name.given,,,
,EuMadoPatient.name.prefix,,,,,,,
,EuMadoPatient.name.suffix,,,,,,,
,EuMadoPatient.name.period,,,,,,,
MadoPatient.telecom,EuMadoPatient.telecom,,,,,,,
MadoPatient.gender,EuMadoPatient.gender,MS,,SHOULD:able-to-populate,EHDSPatient.administrativeGender,EHDSPatient.administrativeGender,,SHOULD:able-to-populate
MadoPatient.birthDate,EuMadoPatient.birthDate,MS,,SHOULD:able-to-populate,EHDSPatient.birthDate,,,
MadoPatient.deceased[x],EuMadoPatient.deceased[x],,,,,,,
MadoPatient.address,EuMadoPatient.address,,,,,,,
MadoPatient.maritalStatus,EuMadoPatient.maritalStatus,,,,,,,
MadoPatient.multipleBirth[x],EuMadoPatient.multipleBirth[x],,,,,,,
MadoPatient.photo,EuMadoPatient.photo,,,,,,,
MadoPatient.contact,EuMadoPatient.contact,,,,,,,
MadoPatient.contact.id,EuMadoPatient.contact.id,,,,,,,
MadoPatient.contact.extension,EuMadoPatient.contact.extension,,,,,,,
MadoPatient.contact.modifierExtension,EuMadoPatient.contact.modifierExtension,,,,,,,
MadoPatient.contact.relationship,EuMadoPatient.contact.relationship,,,,,,,
MadoPatient.contact.name,EuMadoPatient.contact.name,,,,,,,
MadoPatient.contact.telecom,EuMadoPatient.contact.telecom,,,,,,,
MadoPatient.contact.address,EuMadoPatient.contact.address,,,,,,,
MadoPatient.contact.gender,EuMadoPatient.contact.gender,,,,,,,
MadoPatient.contact.organization,EuMadoPatient.contact.organization,,,,,,,
MadoPatient.contact.period,EuMadoPatient.contact.period,,,,,,,
MadoPatient.communication,EuMadoPatient.communication,,,,,,,
MadoPatient.communication.id,EuMadoPatient.communication.id,,,,,,,
MadoPatient.communication.extension,EuMadoPatient.communication.extension,,,,,,,
MadoPatient.communication.modifierExtension,EuMadoPatient.communication.modifierExtension,,,,,,,
MadoPatient.communication.language,EuMadoPatient.communication.language,,,,,,,
MadoPatient.communication.preferred,EuMadoPatient.communication.preferred,,,,,,,
MadoPatient.generalPractitioner,EuMadoPatient.generalPractitioner,,,,,,,
MadoPatient.managingOrganization,EuMadoPatient.managingOrganization,,,,,,,
MadoPatient.link,EuMadoPatient.link,,,,,,,
MadoPatient.link.id,EuMadoPatient.link.id,,,,,,,
MadoPatient.link.extension,EuMadoPatient.link.extension,,,,,,,
MadoPatient.link.modifierExtension,EuMadoPatient.link.modifierExtension,,,,,,,
MadoPatient.link.other,EuMadoPatient.link.other,,,,,,,
MadoPatient.link.type,EuMadoPatient.link.type,,,,,,,
MadoRequestedProcedure.id,EuMadoRequestedProcedure.id,,,,,,,
MadoRequestedProcedure.meta,EuMadoRequestedProcedure.meta,,,,,,,
MadoRequestedProcedure.implicitRules,EuMadoRequestedProcedure.implicitRules,,,,,,,
MadoRequestedProcedure.language,EuMadoRequestedProcedure.language,,,,,,,
MadoRequestedProcedure.text,EuMadoRequestedProcedure.text,,,,,,,
MadoRequestedProcedure.contained,EuMadoRequestedProcedure.contained,,,,,,,
MadoRequestedProcedure.extension,EuMadoRequestedProcedure.extension,,,,,,,
MadoRequestedProcedure.modifierExtension,EuMadoRequestedProcedure.modifierExtension,,,,,,,
MadoRequestedProcedure.identifier,EuMadoRequestedProcedure.identifier,,,,,,,
MadoRequestedProcedure.identifier[accession-number],EuMadoRequestedProcedure.identifier[accession-number],MS,,SHALL:populate,Required by MADO,,,
MadoRequestedProcedure.identifier[placer],EuMadoRequestedProcedure.identifier[placer],MS,,SHALL:able-to-populate,Required by MADO,,,
MadoRequestedProcedure.identifier.id,EuMadoRequestedProcedure.identifier.id,,,,,,,
MadoRequestedProcedure.identifier.extension,EuMadoRequestedProcedure.identifier.extension,,,,,,,
MadoRequestedProcedure.identifier.use,EuMadoRequestedProcedure.identifier.use,,,,,,,
MadoRequestedProcedure.identifier.type,EuMadoRequestedProcedure.identifier.type,,,,,,,
MadoRequestedProcedure.identifier.type.id,EuMadoRequestedProcedure.identifier.type.id,,,,,,,
MadoRequestedProcedure.identifier.type.extension,EuMadoRequestedProcedure.identifier.type.extension,,,,,,,
MadoRequestedProcedure.identifier.type.coding,EuMadoRequestedProcedure.identifier.type.coding,,,,,,,
MadoRequestedProcedure.identifier.type.coding[placer],EuMadoRequestedProcedure.identifier.type.coding[placer],,,,,,,
MadoRequestedProcedure.identifier.type.coding.id,EuMadoRequestedProcedure.identifier.type.coding.id,,,,,,,
MadoRequestedProcedure.identifier.type.coding.extension,EuMadoRequestedProcedure.identifier.type.coding.extension,,,,,,,
MadoRequestedProcedure.identifier.type.coding.system,EuMadoRequestedProcedure.identifier.type.coding.system,,,,,,,
MadoRequestedProcedure.identifier.type.coding.version,EuMadoRequestedProcedure.identifier.type.coding.version,,,,,,,
MadoRequestedProcedure.identifier.type.coding.code,EuMadoRequestedProcedure.identifier.type.coding.code,,,,,,,
MadoRequestedProcedure.identifier.type.coding.display,EuMadoRequestedProcedure.identifier.type.coding.display,,,,,,,
MadoRequestedProcedure.identifier.type.coding.userSelected,EuMadoRequestedProcedure.identifier.type.coding.userSelected,,,,,,,
MadoRequestedProcedure.identifier.type.text,EuMadoRequestedProcedure.identifier.type.text,,,,,,,
MadoRequestedProcedure.identifier.system,EuMadoRequestedProcedure.identifier.system,,,,,,,
MadoRequestedProcedure.identifier.value,EuMadoRequestedProcedure.identifier.value,,,,,,,
MadoRequestedProcedure.identifier.period,EuMadoRequestedProcedure.identifier.period,,,,,,,
MadoRequestedProcedure.identifier.assigner,EuMadoRequestedProcedure.identifier.assigner,,,,,,,
MadoRequestedProcedure.identifier[filler],EuMadoRequestedProcedure.identifier[filler],,,,,,,
MadoRequestedProcedure.identifier.type.coding[filler],EuMadoRequestedProcedure.identifier.type.coding[filler],,,,,,,
MadoRequestedProcedure.instantiatesCanonical,EuMadoRequestedProcedure.instantiatesCanonical,,,,,,,
MadoRequestedProcedure.instantiatesUri,EuMadoRequestedProcedure.instantiatesUri,,,,,,,
MadoRequestedProcedure.basedOn,EuMadoRequestedProcedure.basedOn,,,,,,,
MadoRequestedProcedure.replaces,EuMadoRequestedProcedure.replaces,,,,,,,
MadoRequestedProcedure.requisition,EuMadoRequestedProcedure.requisition,,,,,,,
MadoRequestedProcedure.status,EuMadoRequestedProcedure.status,,,,,,,
MadoRequestedProcedure.intent,EuMadoRequestedProcedure.intent,,,,,,,
MadoRequestedProcedure.category,EuMadoRequestedProcedure.category,,,,,,,
MadoRequestedProcedure.priority,EuMadoRequestedProcedure.priority,,,,,,,
MadoRequestedProcedure.doNotPerform,EuMadoRequestedProcedure.doNotPerform,,,,,,,
MadoRequestedProcedure.code,EuMadoRequestedProcedure.code,,,,,,,
MadoRequestedProcedure.orderDetail,EuMadoRequestedProcedure.orderDetail,,,,,,,
MadoRequestedProcedure.quantity[x],EuMadoRequestedProcedure.quantity[x],,,,,,,
MadoRequestedProcedure.subject,EuMadoRequestedProcedure.subject,,,,,,,
MadoRequestedProcedure.encounter,EuMadoRequestedProcedure.encounter,,,,,,,
MadoRequestedProcedure.occurrence[x],EuMadoRequestedProcedure.occurrence[x],,,,,,,
MadoRequestedProcedure.asNeeded[x],EuMadoRequestedProcedure.asNeeded[x],,,,,,,
MadoRequestedProcedure.authoredOn,EuMadoRequestedProcedure.authoredOn,,,,,,,
MadoRequestedProcedure.requester,EuMadoRequestedProcedure.requester,,,,,,,
MadoRequestedProcedure.performerType,EuMadoRequestedProcedure.performerType,,,,,,,
MadoRequestedProcedure.performer,EuMadoRequestedProcedure.performer,,,,,,,
MadoRequestedProcedure.locationCode,EuMadoRequestedProcedure.locationCode,,,,,,,
MadoRequestedProcedure.locationReference,EuMadoRequestedProcedure.locationReference,,,,,,,
MadoRequestedProcedure.reasonCode,EuMadoRequestedProcedure.reasonCode,,,,,,,
MadoRequestedProcedure.reasonReference,EuMadoRequestedProcedure.reasonReference,,,,,,,
MadoRequestedProcedure.insurance,EuMadoRequestedProcedure.insurance,,,,,,,
MadoRequestedProcedure.supportingInfo,EuMadoRequestedProcedure.supportingInfo,,,,,,,
MadoRequestedProcedure.specimen,EuMadoRequestedProcedure.specimen,,,,,,,
MadoRequestedProcedure.bodySite,EuMadoRequestedProcedure.bodySite,,,,,,,
MadoRequestedProcedure.note,EuMadoRequestedProcedure.note,,,,,,,
MadoRequestedProcedure.patientInstruction,EuMadoRequestedProcedure.patientInstruction,,,,,,,
MadoRequestedProcedure.relevantHistory,EuMadoRequestedProcedure.relevantHistory,,,,,,,
MadoWadoEndpoint.id,EuMadoWadoEndpoint.id,,,,,,,
MadoWadoEndpoint.meta,EuMadoWadoEndpoint.meta,,,,,,,
MadoWadoEndpoint.implicitRules,EuMadoWadoEndpoint.implicitRules,,,,,,,
MadoWadoEndpoint.language,EuMadoWadoEndpoint.language,,,,,,,
MadoWadoEndpoint.text,EuMadoWadoEndpoint.text,,,,,,,
MadoWadoEndpoint.contained,EuMadoWadoEndpoint.contained,,,,,,,
MadoWadoEndpoint.extension,EuMadoWadoEndpoint.extension,,,,,,,
MadoWadoEndpoint.extension[retrieve-location-uid],EuMadoWadoEndpoint.extension[retrieve-location-uid],MS,,SHALL:able-to-populate,Required by MADO,,,
MadoWadoEndpoint.modifierExtension,EuMadoWadoEndpoint.modifierExtension,,,,,,,
MadoWadoEndpoint.identifier,EuMadoWadoEndpoint.identifier,,,,,,,
MadoWadoEndpoint.status,EuMadoWadoEndpoint.status,,,,,,,
MadoWadoEndpoint.connectionType,EuMadoWadoEndpoint.connectionType,,,,,,,
MadoWadoEndpoint.connectionType.id,EuMadoWadoEndpoint.connectionType.id,,,,,,,
MadoWadoEndpoint.connectionType.extension,EuMadoWadoEndpoint.connectionType.extension,,,,,,,
MadoWadoEndpoint.connectionType.system,EuMadoWadoEndpoint.connectionType.system,,,,,,,
MadoWadoEndpoint.connectionType.version,EuMadoWadoEndpoint.connectionType.version,,,,,,,
MadoWadoEndpoint.connectionType.code,EuMadoWadoEndpoint.connectionType.code,,,,,,,
MadoWadoEndpoint.connectionType.display,EuMadoWadoEndpoint.connectionType.display,,,,,,,
MadoWadoEndpoint.connectionType.userSelected,EuMadoWadoEndpoint.connectionType.userSelected,,,,,,,
MadoWadoEndpoint.name,EuMadoWadoEndpoint.name,,,,,,,
MadoWadoEndpoint.managingOrganization,EuMadoWadoEndpoint.managingOrganization,,,,,,,
MadoWadoEndpoint.contact,EuMadoWadoEndpoint.contact,,,,,,,
MadoWadoEndpoint.period,EuMadoWadoEndpoint.period,,,,,,,
MadoWadoEndpoint.payloadType,EuMadoWadoEndpoint.payloadType,,,,,,,
MadoWadoEndpoint.payloadType[text-wado],EuMadoWadoEndpoint.payloadType[text-wado],,,,,,,
MadoWadoEndpoint.payloadType.id,EuMadoWadoEndpoint.payloadType.id,,,,,,,
MadoWadoEndpoint.payloadType.extension,EuMadoWadoEndpoint.payloadType.extension,,,,,,,
MadoWadoEndpoint.payloadType.coding,EuMadoWadoEndpoint.payloadType.coding,,,,,,,
MadoWadoEndpoint.payloadType.coding[none],EuMadoWadoEndpoint.payloadType.coding[none],,,,,,,
MadoWadoEndpoint.payloadType.coding.id,EuMadoWadoEndpoint.payloadType.coding.id,,,,,,,
MadoWadoEndpoint.payloadType.coding.extension,EuMadoWadoEndpoint.payloadType.coding.extension,,,,,,,
MadoWadoEndpoint.payloadType.coding.system,EuMadoWadoEndpoint.payloadType.coding.system,,,,,,,
MadoWadoEndpoint.payloadType.coding.version,EuMadoWadoEndpoint.payloadType.coding.version,,,,,,,
MadoWadoEndpoint.payloadType.coding.code,EuMadoWadoEndpoint.payloadType.coding.code,,,,,,,
MadoWadoEndpoint.payloadType.coding.display,EuMadoWadoEndpoint.payloadType.coding.display,,,,,,,
MadoWadoEndpoint.payloadType.coding.userSelected,EuMadoWadoEndpoint.payloadType.coding.userSelected,,,,,,,
MadoWadoEndpoint.payloadType.text,EuMadoWadoEndpoint.payloadType.text,,,,,,,
MadoWadoEndpoint.payloadMimeType,EuMadoWadoEndpoint.payloadMimeType,,,,,,,
MadoWadoEndpoint.address,EuMadoWadoEndpoint.address,MS,,SHALL:able-to-populate,Required by MADO,,,
MadoWadoEndpoint.address.id,EuMadoWadoEndpoint.address.id,,,,,,,
MadoWadoEndpoint.address.extension,EuMadoWadoEndpoint.address.extension,,,,,,,
MadoWadoEndpoint.address.extension[data-absent-reason],EuMadoWadoEndpoint.address.extension[data-absent-reason],,,,,,,
MadoWadoEndpoint.address.extension.id,EuMadoWadoEndpoint.address.extension.id,,,,,,,
MadoWadoEndpoint.address.extension.extension,EuMadoWadoEndpoint.address.extension.extension,,,,,,,
MadoWadoEndpoint.address.extension.url,EuMadoWadoEndpoint.address.extension.url,,,,,,,
MadoWadoEndpoint.address.extension.value[x],EuMadoWadoEndpoint.address.extension.value[x],,,,,,,
MadoWadoEndpoint.address.value,EuMadoWadoEndpoint.address.value,,,,,,,
MadoWadoEndpoint.header,EuMadoWadoEndpoint.header,,,,,,,
MadoWebViewerEndpoint.id,EuMadoWebViewerEndpoint.id,,,,,,,
MadoWebViewerEndpoint.meta,EuMadoWebViewerEndpoint.meta,,,,,,,
MadoWebViewerEndpoint.implicitRules,EuMadoWebViewerEndpoint.implicitRules,,,,,,,
MadoWebViewerEndpoint.language,EuMadoWebViewerEndpoint.language,,,,,,,
MadoWebViewerEndpoint.text,EuMadoWebViewerEndpoint.text,,,,,,,
MadoWebViewerEndpoint.contained,EuMadoWebViewerEndpoint.contained,,,,,,,
MadoWebViewerEndpoint.extension,EuMadoWebViewerEndpoint.extension,,,,,,,
MadoWebViewerEndpoint.modifierExtension,EuMadoWebViewerEndpoint.modifierExtension,,,,,,,
MadoWebViewerEndpoint.identifier,EuMadoWebViewerEndpoint.identifier,,,,,,,
MadoWebViewerEndpoint.status,EuMadoWebViewerEndpoint.status,,,,,,,
MadoWebViewerEndpoint.connectionType,EuMadoWebViewerEndpoint.connectionType,,,,,,,
MadoWebViewerEndpoint.name,EuMadoWebViewerEndpoint.name,,,,,,,
MadoWebViewerEndpoint.managingOrganization,EuMadoWebViewerEndpoint.managingOrganization,,,,,,,
MadoWebViewerEndpoint.contact,EuMadoWebViewerEndpoint.contact,,,,,,,
MadoWebViewerEndpoint.period,EuMadoWebViewerEndpoint.period,,,,,,,
MadoWebViewerEndpoint.payloadType,EuMadoWebViewerEndpoint.payloadType,,,,,,,
MadoWebViewerEndpoint.payloadType[type-none],EuMadoWebViewerEndpoint.payloadType[type-none],,,,,,,
MadoWebViewerEndpoint.payloadType.id,EuMadoWebViewerEndpoint.payloadType.id,,,,,,,
MadoWebViewerEndpoint.payloadType.extension,EuMadoWebViewerEndpoint.payloadType.extension,,,,,,,
MadoWebViewerEndpoint.payloadType.coding,EuMadoWebViewerEndpoint.payloadType.coding,,,,,,,
MadoWebViewerEndpoint.payloadType.coding.id,EuMadoWebViewerEndpoint.payloadType.coding.id,,,,,,,
MadoWebViewerEndpoint.payloadType.coding.extension,EuMadoWebViewerEndpoint.payloadType.coding.extension,,,,,,,
MadoWebViewerEndpoint.payloadType.coding.system,EuMadoWebViewerEndpoint.payloadType.coding.system,,,,,,,
MadoWebViewerEndpoint.payloadType.coding.version,EuMadoWebViewerEndpoint.payloadType.coding.version,,,,,,,
MadoWebViewerEndpoint.payloadType.coding.code,EuMadoWebViewerEndpoint.payloadType.coding.code,,,,,,,
MadoWebViewerEndpoint.payloadType.coding.display,EuMadoWebViewerEndpoint.payloadType.coding.display,,,,,,,
MadoWebViewerEndpoint.payloadType.coding.userSelected,EuMadoWebViewerEndpoint.payloadType.coding.userSelected,,,,,,,
MadoWebViewerEndpoint.payloadType.text,EuMadoWebViewerEndpoint.payloadType.text,,,,,,,
MadoWebViewerEndpoint.payloadMimeType,EuMadoWebViewerEndpoint.payloadMimeType,,,,,,,
MadoWebViewerEndpoint.address,EuMadoWebViewerEndpoint.address,MS,,SHALL:populate,Required by MADO,,,
MadoWebViewerEndpoint.header,EuMadoWebViewerEndpoint.header,,,,,,,
MadoAccessionNumberIdentifier.id,,,,,,,,
MadoAccessionNumberIdentifier.extension,,,,,,,,
MadoAccessionNumberIdentifier.use,,,,,,,,
MadoAccessionNumberIdentifier.type,,,,,,,,
MadoAccessionNumberIdentifier.type.id,,,,,,,,
MadoAccessionNumberIdentifier.type.extension,,,,,,,,
MadoAccessionNumberIdentifier.type.coding,,,,,,,,
MadoAccessionNumberIdentifier.type.coding[v2-0203-coding],,,,,,,,
MadoAccessionNumberIdentifier.type.coding[dcm],,,,,,,,
MadoAccessionNumberIdentifier.type.text,,,,,,,,
MadoAccessionNumberIdentifier.system,,,,,,,,
MadoAccessionNumberIdentifier.value,,,,,,,,
MadoAccessionNumberIdentifier.period,,,,,,,,
MadoAccessionNumberIdentifier.assigner,,,,,,,,
MadoAnatomicalRegionExtension.id,,,,,,,,
MadoAnatomicalRegionExtension.extension,,,,,,,,
MadoAnatomicalRegionExtension.url,,,,,,,,
MadoAnatomicalRegionExtension.value[x],,,,,,,,
MadoKeyObjectDocumentTitle.id,,,,,,,,
MadoKeyObjectDocumentTitle.extension,,,,,,,,
MadoKeyObjectDocumentTitle.url,,,,,,,,
MadoKeyObjectDocumentTitle.value[x],,,,,,,,
MadoNumberOfFrames.id,,,,,,,,
MadoNumberOfFrames.extension,,,,,,,,
MadoNumberOfFrames.url,,,,,,,,
MadoNumberOfFrames.value[x],,,,,,,,
MadoReferencedAccessionNumberIdentifier.id,,,,,,,,
MadoReferencedAccessionNumberIdentifier.extension,,,,,,,,
MadoReferencedAccessionNumberIdentifier.reference,,,,,,,,
MadoReferencedAccessionNumberIdentifier.type,,,,,,,,
MadoReferencedAccessionNumberIdentifier.identifier,,,,,,,,
MadoReferencedAccessionNumberIdentifier.display,,,,,,,,
MadoReferencedStudyInstanceUidIdentifier.id,,,,,,,,
MadoReferencedStudyInstanceUidIdentifier.extension,,,,,,,,
MadoReferencedStudyInstanceUidIdentifier.reference,,,,,,,,
MadoReferencedStudyInstanceUidIdentifier.type,,,,,,,,
MadoReferencedStudyInstanceUidIdentifier.identifier,,,,,,,,
MadoReferencedStudyInstanceUidIdentifier.display,,,,,,,,
MadoRetrieveLocationUIDExtension.id,,,,,,,,
MadoRetrieveLocationUIDExtension.extension,,,,,,,,
MadoRetrieveLocationUIDExtension.url,,,,,,,,
MadoRetrieveLocationUIDExtension.value[x],,,,,,,,
MadoStudyInstanceUidIdentifier.id,,,,,,,,
MadoStudyInstanceUidIdentifier.extension,,,,,,,,
MadoStudyInstanceUidIdentifier.use,,,,,,,,
MadoStudyInstanceUidIdentifier.type,,,,,,,,
MadoStudyInstanceUidIdentifier.type.id,,,,,,,,
MadoStudyInstanceUidIdentifier.type.extension,,,,,,,,
MadoStudyInstanceUidIdentifier.type.coding,,,,,,,,
MadoStudyInstanceUidIdentifier.type.coding[dcm],,,,,,,,
MadoStudyInstanceUidIdentifier.type.text,,,,,,,,
MadoStudyInstanceUidIdentifier.system,,,,,,,,
MadoStudyInstanceUidIdentifier.value,,,,,,,,
MadoStudyInstanceUidIdentifier.period,,,,,,,,
MadoStudyInstanceUidIdentifier.assigner,,,,,,,,
,,,,,,EHDSAddress.use,,
,,,,,,EHDSAddress.type,,
,,,,,,EHDSAddress.text,,
,,,,,,EHDSAddress.street,,
,,,,,,EHDSAddress.houseNumber,,
,,,,,,EHDSAddress.postBox,,
,,,,,,EHDSAddress.city,,
,,,,,,EHDSAddress.postalCode,,
,,,,,,EHDSAddress.country,,
,,,,,,EHDSAdministeredDosage.renderedDosageInstruction,,
,,,,,,EHDSAdministeredDosage.dosageDetails,,
,,,,,,EHDSAdministeredDosage.dosageDetails.sequence,,
,,,,,,EHDSAdministeredDosage.dosageDetails.note,,
,,,,,,EHDSAdministeredDosage.dosageDetails.doseAndRate,,
,,,,,,EHDSAdministeredDosage.dosageDetails.doseAndRate.dose[x],,
,,,,,,EHDSAdministeredDosage.dosageDetails.doseAndRate.rate[x],,
,,,,,,EHDSAdministeredDosage.dosageDetails.repeat,,
,,,,,,EHDSAdministeredDosage.dosageDetails.repeat.bounds[x],,
,,,,,,EHDSAdministeredDosage.dosageDetails.repeat.duration,,
,,,,,,EHDSAdministeredDosage.dosageDetails.repeat.frequency,,
,,,,,,EHDSAdministeredDosage.dosageDetails.repeat.frequency.numberOfTimes,,
,,,,,,EHDSAdministeredDosage.dosageDetails.repeat.frequency.period,,
,,,,,,EHDSAdministeredDosage.dosageDetails.repeat.dayOfWeek,,
,,,,,,EHDSAdministeredDosage.dosageDetails.repeat.timeOfDay,,
,,,,,,EHDSAdministeredDosage.dosageDetails.repeat.eventTime,,
,,,,,,EHDSAdministeredDosage.dosageDetails.asNeeded,,
,,,,,,EHDSAdministeredDosage.dosageDetails.bodySite,,
,,,,,,EHDSAdministeredDosage.dosageDetails.routeOfAdministration,,
,,,,,,EHDSAdvanceDirective.header,,
,,,,,,EHDSAdvanceDirective.header.subject,,SHALL:able-to-populate
,,,,,,EHDSAdvanceDirective.header.identifier,,
,,,,,,EHDSAdvanceDirective.header.author[x],,SHALL:able-to-populate
,,,,,,EHDSAdvanceDirective.header.date,,SHALL:able-to-populate
,,,,,,EHDSAdvanceDirective.header.status,,SHALL:able-to-populate
,,,,,,EHDSAdvanceDirective.header.source,,SHOULD:able-to-populate
,,,,,,EHDSAdvanceDirective.header.language,,
,,,,,,EHDSAdvanceDirective.category,,SHALL:able-to-populate
,,,,,,EHDSAdvanceDirective.note,,SHOULD:able-to-populate
,,,,,,EHDSAdvanceDirective.attachment,,SHOULD:able-to-populate
,,,,,,EHDSAlert.header,,
,,,,,,EHDSAlert.header.subject,,SHALL:able-to-populate
,,,,,,EHDSAlert.header.identifier,,
,,,,,,EHDSAlert.header.author[x],,
,,,,,,EHDSAlert.header.date,,
,,,,,,EHDSAlert.header.status,,SHALL:able-to-populate
,,,,,,EHDSAlert.header.source,,
,,,,,,EHDSAlert.header.language,,
,,,,,,EHDSAlert.code,,SHALL:able-to-populate
,,,,,,EHDSAlert.description,,SHALL:able-to-populate
,,,,,,EHDSAlert.priority,,SHOULD:able-to-populate
,,,,,,EHDSAlert.period,,SHALL:able-to-populate
,,,,,,EHDSAlert.sourceReference,,
,,,,,,EHDSAllergyIntolerance.header,,
,,,,,,EHDSAllergyIntolerance.header.subject,,SHALL:able-to-populate
,,,,,,EHDSAllergyIntolerance.header.identifier,,SHOULD:able-to-populate
,,,,,,EHDSAllergyIntolerance.header.author[x],,
,,,,,,EHDSAllergyIntolerance.header.date,,SHOULD:able-to-populate
,,,,,,EHDSAllergyIntolerance.header.status,,SHALL:able-to-populate
,,,,,,EHDSAllergyIntolerance.header.source,,
,,,,,,EHDSAllergyIntolerance.header.language,,
,,,,,,EHDSAllergyIntolerance.agentOrAllergen,,SHALL:able-to-populate
,,,,,,EHDSAllergyIntolerance.note,,SHOULD:able-to-populate
,,,,,,EHDSAllergyIntolerance.criticality,,SHOULD:able-to-populate
,,,,,,EHDSAllergyIntolerance.certainty,,
,,,,,,EHDSAllergyIntolerance.onsetDate,,
,,,,,,EHDSAllergyIntolerance.endDate,,
,,,,,,EHDSAllergyIntolerance.reaction,,
,,,,,,EHDSAllergyIntolerance.reaction.agentOrAllergen,,
,,,,,,EHDSAllergyIntolerance.reaction.manifestation,,SHALL:able-to-populate
,,,,,,EHDSAllergyIntolerance.reaction.severity,,
,,,,,,EHDSAllergyIntolerance.reaction.onset,,SHALL:able-to-populate
,,,,,,EHDSAttachment.contentType,,
,,,,,,EHDSAttachment.language,,
,,,,,,EHDSAttachment.data,,
,,,,,,EHDSAttachment.url,,
,,,,,,EHDSAttachment.size,,
,,,,,,EHDSAttachment.title,,
,,,,,,EHDSBodyStructure.morphology,,
,,,,,,EHDSBodyStructure.location,,
,,,,,,EHDSBodyStructure.locationQualifier,,
,,,,,,EHDSBodyStructure.laterality,,
,,,,,,EHDSBodyStructure.description,,
,,,,,,EHDSCarePlan.header,,
,,,,,,EHDSCarePlan.header.subject,,
,,,,,,EHDSCarePlan.header.identifier,,
,,,,,,EHDSCarePlan.header.author[x],,
,,,,,,EHDSCarePlan.header.date,,
,,,,,,EHDSCarePlan.header.status,,
,,,,,,EHDSCarePlan.header.source,,
,,,,,,EHDSCarePlan.header.language,,
,,,,,,EHDSCarePlan.title,,
,,,,,,EHDSCarePlan.description,,
,,,,,,EHDSCarePlan.period,,
,,,,,,EHDSCarePlan.addresses[x],,
,,,,,,EHDSCarePlan.activity[x],,
,,,,,,EHDSCarePlan.goal,,
,,,,,,EHDSCondition.header,,SHALL:able-to-populate
,,,,,,EHDSCondition.header.subject,,SHALL:able-to-populate
,,,,,,EHDSCondition.header.identifier,,SHOULD:able-to-populate
,,,,,,EHDSCondition.header.author[x],,
,,,,,,EHDSCondition.header.date,,
,,,,,,EHDSCondition.header.status,,SHALL:able-to-populate
,,,,,,EHDSCondition.header.source,,
,,,,,,EHDSCondition.header.language,,
,,,,,,EHDSCondition.problem,,SHALL:able-to-populate
,,,,,,EHDSCondition.onsetDate,,SHOULD:able-to-populate
,,,,,,EHDSCondition.endDate,,SHALL:able-to-populate
,,,,,,EHDSCondition.category,,
,,,,,,EHDSCondition.resolutionCircumstances,,
,,,,,,EHDSCondition.severity,,
,,,,,,EHDSCondition.bodySite,,SHOULD:able-to-populate
,,,,,,EHDSCondition.stage,,
,,,,,,EHDSCondition.diagnosisAssertionStatus,,
,,,,,,EHDSCondition.specialistContact,,
,,,,,,EHDSCondition.externalResource,,
,,,,,,EHDSCurrentPregnancy.header,,SHALL:able-to-populate
,,,,,,EHDSCurrentPregnancy.header.subject,,SHALL:able-to-populate
,,,,,,EHDSCurrentPregnancy.header.identifier,,
,,,,,,EHDSCurrentPregnancy.header.author[x],,
,,,,,,EHDSCurrentPregnancy.header.date,,
,,,,,,EHDSCurrentPregnancy.header.status,,SHALL:able-to-populate
,,,,,,EHDSCurrentPregnancy.header.source,,
,,,,,,EHDSCurrentPregnancy.header.language,,
,,,,,,EHDSCurrentPregnancy.currentPregnancyStatus,,SHALL:able-to-populate
,,,,,,EHDSCurrentPregnancy.dateOfStatus,,SHALL:able-to-populate
,,,,,,EHDSCurrentPregnancy.expectedDateOfDelivery,,SHALL:able-to-populate
,,,,,,EHDSCurrentPregnancy.gestationalAge,,
,,,,,,EHDSCurrentPregnancy.note,,
,,,,,,EHDSDataSet.header,,
,,,,,,EHDSDataSet.header.subject,,
,,,,,,EHDSDataSet.header.identifier,,
,,,,,,EHDSDataSet.header.author[x],,
,,,,,,EHDSDataSet.header.date,,
,,,,,,EHDSDataSet.header.status,,
,,,,,,EHDSDataSet.header.source,,
,,,,,,EHDSDataSet.header.language,,
,,,,,,EHDSDevice.instanceIdentifier,,
,,,,,,EHDSDevice.udi,,SHALL:able-to-populate
,,,,,,EHDSDevice.manufacturer,,
,,,,,,EHDSDevice.manufactureDate,,
,,,,,,EHDSDevice.expiryDate,,
,,,,,,EHDSDevice.lotNumber,,
,,,,,,EHDSDevice.serialNumber,,
,,,,,,EHDSDevice.name,,SHOULD:able-to-populate
,,,,,,EHDSDevice.name.value,,SHALL:able-to-populate
,,,,,,EHDSDevice.name.type,,SHALL:able-to-populate
,,,,,,EHDSDevice.modelNumber,,
,,,,,,EHDSDevice.version,,
,,,,,,EHDSDevice.type,,SHOULD:able-to-populate
,,,,,,EHDSDevice.note,,SHOULD:able-to-populate
,,,,,,EHDSDeviceUse.header,,
,,,,,,EHDSDeviceUse.header.subject,,SHALL:able-to-populate
,,,,,,EHDSDeviceUse.header.identifier,,
,,,,,,EHDSDeviceUse.header.author[x],,
,,,,,,EHDSDeviceUse.header.date,,
,,,,,,EHDSDeviceUse.header.status,,SHALL:able-to-populate
,,,,,,EHDSDeviceUse.header.source,,
,,,,,,EHDSDeviceUse.header.language,,
,,,,,,EHDSDeviceUse.periodOfUse,,SHOULD:able-to-populate
,,,,,,EHDSDeviceUse.device[x],,SHALL:able-to-populate
,,,,,,EHDSDeviceUse.bodySite,,SHOULD:able-to-populate
,,,,,,EHDSDeviceUse.reason[x],,
,,,,,,EHDSDeviceUse.note,,SHOULD:able-to-populate
,,,,,,EHDSDischargeReport.header,SHALL:process,SHALL:able-to-populate
,,,,,,EHDSDischargeReport.header.subject,SHALL:process,SHALL:able-to-populate
,,,,,,EHDSDischargeReport.header.identifier,SHALL:process,SHALL:able-to-populate
,,,,,,EHDSDischargeReport.header.author[x],SHALL:display,SHALL:able-to-populate
,,,,,,EHDSDischargeReport.header.date,SHALL:display,SHALL:able-to-populate
,,,,,,EHDSDischargeReport.header.status,SHALL:display,SHALL:able-to-populate
,,,,,,EHDSDischargeReport.header.source,,
,,,,,,EHDSDischargeReport.header.language,,SHALL:able-to-populate
,,,,,,EHDSDischargeReport.header.documentType,,SHALL:able-to-populate
,,,,,,EHDSDischargeReport.header.documentTitle,,SHALL:able-to-populate
,,,,,,EHDSDischargeReport.header.period,,SHALL:able-to-populate
,,,,,,EHDSDischargeReport.header.version,,
,,,,,,EHDSDischargeReport.header.attestation,SHALL:display,SHALL:able-to-populate
,,,,,,EHDSDischargeReport.header.attestation.attester[x],SHALL:display,SHALL:able-to-populate
,,,,,,EHDSDischargeReport.header.attestation.datetime,,SHALL:able-to-populate
,,,,,,EHDSDischargeReport.header.legalAuthentication,,SHALL:able-to-populate
,,,,,,EHDSDischargeReport.header.legalAuthentication.legalAuthenticator[x],,SHALL:able-to-populate
,,,,,,EHDSDischargeReport.header.legalAuthentication.datetime,,SHALL:able-to-populate
,,,,,,EHDSDischargeReport.header.eventType,,SHALL:able-to-populate
,,,,,,EHDSDischargeReport.header.serviceSpecialty,SHOULD:display,SHALL:able-to-populate
,,,,,,EHDSDischargeReport.header.custodian,,SHALL:able-to-populate
,,,,,,EHDSDischargeReport.header.intendedRecipient[x],,
,,,,,,EHDSDischargeReport.presentedForm,SHALL:process,SHALL:able-to-populate
,,,,,,EHDSDischargeReport.body,SHALL:process,SHALL:able-to-populate
,,,,,,EHDSDischargeReport.body.alerts,SHOULD:process,SHOULD:able-to-populate
,,,,,,EHDSDischargeReport.body.alerts.generatedNarrative,SHALL:process,SHOULD:able-to-populate
,,,,,,EHDSDischargeReport.body.alerts.medicalAlert,SHALL:process,SHOULD:able-to-populate
,,,,,,EHDSDischargeReport.body.encounterInformation,SHALL:process,SHALL:able-to-populate
,,,,,,EHDSDischargeReport.body.encounterInformation.generatedNarrative,SHALL:process,SHALL:able-to-populate
,,,,,,EHDSDischargeReport.body.encounterInformation.encounter,SHALL:process,SHALL:able-to-populate
,,,,,,EHDSDischargeReport.body.encounterInformation.note,SHALL:process,SHOULD:able-to-populate
,,,,,,EHDSDischargeReport.body.admissionEvaluation,SHALL:process,SHALL:able-to-populate
,,,,,,EHDSDischargeReport.body.admissionEvaluation.generatedNarrative,SHALL:process,SHOULD:able-to-populate
,,,,,,EHDSDischargeReport.body.admissionEvaluation.objectiveFindings,SHALL:process,SHOULD:able-to-populate
,,,,,,EHDSDischargeReport.body.admissionEvaluation.functionalStatus[x],SHALL:process,SHOULD:able-to-populate
,,,,,,EHDSDischargeReport.body.admissionEvaluation.note,SHALL:process,SHOULD:able-to-populate
,,,,,,EHDSDischargeReport.body.patientHistory,SHALL:process,SHOULD:able-to-populate
,,,,,,EHDSDischargeReport.body.patientHistory.generatedNarrative,SHALL:process,SHOULD:able-to-populate
,,,,,,EHDSDischargeReport.body.patientHistory.pastProblems,SHALL:process,SHOULD:able-to-populate
,,,,,,EHDSDischargeReport.body.patientHistory.devicesAndImplants,SHALL:process,SHOULD:able-to-populate
,,,,,,EHDSDischargeReport.body.patientHistory.procedures,SHALL:process,SHOULD:able-to-populate
,,,,,,EHDSDischargeReport.body.patientHistory.note,SHALL:process,SHOULD:able-to-populate
,,,,,,EHDSDischargeReport.body.courseOfEncounter,SHALL:process,SHALL:able-to-populate
,,,,,,EHDSDischargeReport.body.courseOfEncounter.generatedNarrative,SHALL:process,SHOULD:able-to-populate
,,,,,,EHDSDischargeReport.body.courseOfEncounter.diagnosticSummary,SHALL:process,SHOULD:able-to-populate
,,,,,,EHDSDischargeReport.body.courseOfEncounter.procedures,SHALL:process,SHOULD:able-to-populate
,,,,,,EHDSDischargeReport.body.courseOfEncounter.medicalDevicesAndImplants,SHALL:process,SHOULD:able-to-populate
,,,,,,EHDSDischargeReport.body.courseOfEncounter.pharmacotherapy,SHALL:process,SHOULD:able-to-populate
,,,,,,EHDSDischargeReport.body.courseOfEncounter.testResults[x],SHALL:process,SHOULD:able-to-populate
,,,,,,EHDSDischargeReport.body.courseOfEncounter.note,SHALL:process,SHOULD:able-to-populate
,,,,,,EHDSDischargeReport.body.dischargeDetails,SHALL:process,SHOULD:able-to-populate
,,,,,,EHDSDischargeReport.body.dischargeDetails.generatedNarrative,SHALL:process,SHOULD:able-to-populate
,,,,,,EHDSDischargeReport.body.dischargeDetails.objectiveFindings,SHALL:process,SHOULD:able-to-populate
,,,,,,EHDSDischargeReport.body.dischargeDetails.functionalStatus[x],SHALL:process,SHOULD:able-to-populate
,,,,,,EHDSDischargeReport.body.dischargeDetails.note,SHALL:process,SHOULD:able-to-populate
,,,,,,EHDSDischargeReport.body.medicationSummary,SHALL:process,SHALL:able-to-populate
,,,,,,EHDSDischargeReport.body.medicationSummary.generatedNarrative,SHALL:process,SHOULD:able-to-populate
,,,,,,EHDSDischargeReport.body.medicationSummary.medicationUse,SHALL:process,SHALL:able-to-populate
,,,,,,EHDSDischargeReport.body.medicationSummary.note,SHALL:process,SHOULD:able-to-populate
,,,,,,EHDSDischargeReport.body.carePlan,SHALL:process,SHOULD:able-to-populate
,,,,,,EHDSDischargeReport.body.carePlan.generatedNarrative,SHALL:process,SHOULD:able-to-populate
,,,,,,EHDSDischargeReport.body.carePlan.carePlan,,
,,,,,,EHDSDischargeReport.body.carePlan.otherRecommendations,SHALL:process,SHOULD:able-to-populate
,,,,,,EHDSDischargeReport.body.synthesis,SHALL:process,SHOULD:able-to-populate
,,,,,,EHDSDischargeReport.attachments,,
,,,,,,EHDSDocument.header,,
,,,,,,EHDSDocument.header.subject,,
,,,,,,EHDSDocument.header.identifier,,
,,,,,,EHDSDocument.header.author[x],,
,,,,,,EHDSDocument.header.date,,
,,,,,,EHDSDocument.header.status,,
,,,,,,EHDSDocument.header.source,,
,,,,,,EHDSDocument.header.language,,
,,,,,,EHDSDocument.header.documentType,,
,,,,,,EHDSDocument.header.documentTitle,,
,,,,,,EHDSDocument.header.period,,
,,,,,,EHDSDocument.header.version,,
,,,,,,EHDSDocument.header.attestation,,
,,,,,,EHDSDocument.header.attestation.attester[x],,
,,,,,,EHDSDocument.header.attestation.datetime,,
,,,,,,EHDSDocument.header.legalAuthentication,,
,,,,,,EHDSDocument.header.legalAuthentication.legalAuthenticator[x],,
,,,,,,EHDSDocument.header.legalAuthentication.datetime,,
,,,,,,EHDSDocument.header.eventType,,
,,,,,,EHDSDocument.header.serviceSpecialty,,
,,,,,,EHDSDocument.header.custodian,,
,,,,,,EHDSDocument.presentedForm,,
,,,,,,EHDSDosage.renderedDosageInstruction,,SHOULD:able-to-populate
,,,,,,EHDSDosage.dosageDetails,,
,,,,,,EHDSDosage.dosageDetails.sequence,,
,,,,,,EHDSDosage.dosageDetails.note,,SHOULD:able-to-populate
,,,,,,EHDSDosage.dosageDetails.doseAndRate,,
,,,,,,EHDSDosage.dosageDetails.doseAndRate.dose[x],,SHALL:able-to-populate
,,,,,,EHDSDosage.dosageDetails.doseAndRate.rate[x],,
,,,,,,EHDSDosage.dosageDetails.repeat,,SHALL:able-to-populate
,,,,,,EHDSDosage.dosageDetails.repeat.bounds[x],,SHALL:able-to-populate
,,,,,,EHDSDosage.dosageDetails.repeat.duration,,
,,,,,,EHDSDosage.dosageDetails.repeat.frequency,,SHALL:able-to-populate
,,,,,,EHDSDosage.dosageDetails.repeat.frequency.numberOfTimes,,SHALL:able-to-populate
,,,,,,EHDSDosage.dosageDetails.repeat.frequency.period,,SHALL:able-to-populate
,,,,,,EHDSDosage.dosageDetails.repeat.dayOfWeek,,
,,,,,,EHDSDosage.dosageDetails.repeat.timeOfDay,,
,,,,,,EHDSDosage.dosageDetails.repeat.eventTime,,
,,,,,,EHDSDosage.dosageDetails.asNeeded,,
,,,,,,EHDSDosage.dosageDetails.bodySite,,
,,,,,,EHDSDosage.dosageDetails.routeOfAdministration,,SHOULD:able-to-populate
,,,,,,EHDSEncounter.header,,
,,,,,,EHDSEncounter.header.subject,,
,,,,,,EHDSEncounter.header.identifier,,
,,,,,,EHDSEncounter.header.author[x],,
,,,,,,EHDSEncounter.header.date,,
,,,,,,EHDSEncounter.header.status,,
,,,,,,EHDSEncounter.header.source,,
,,,,,,EHDSEncounter.header.language,,
,,,,,,EHDSEncounter.priority,,
,,,,,,EHDSEncounter.type,,
,,,,,,EHDSEncounter.period,,
,,,,,,EHDSEncounter.serviceProvider,,
,,,,,,EHDSEncounter.referringProfessional,,
,,,,,,EHDSEncounter.basedOn[x],,
,,,,,,EHDSEncounter.reason[x],,
,,,,,,EHDSEncounter.admission,,
,,,,,,EHDSEncounter.admission.admitter,,
,,,,,,EHDSEncounter.admission.admitSource,,
,,,,,,EHDSEncounter.dischargeDiagnosis[x],,
,,,,,,EHDSEncounter.dischargeDestination,,
,,,,,,EHDSEncounter.dischargeDestination.type,,
,,,,,,EHDSEncounter.dischargeDestination.location[x],,
,,,,,,EHDSEncounter.serviceLocation,,
,,,,,,EHDSEncounter.serviceLocation.period,,
,,,,,,EHDSEncounter.serviceLocation.organisationPart[x],,
,,,,,,EHDSEncounter.subEncounter,,
,,,,,,EHDSEncounter.note,,
,,,,,,EHDSEndpoint.identifier,,
,,,,,,EHDSEndpoint.status,,
,,,,,,EHDSEndpoint.connectionType,,
,,,,,,EHDSEndpoint.name,,
,,,,,,EHDSEndpoint.managingOrganisation,,
,,,,,,EHDSEndpoint.payload,,
,,,,,,EHDSEndpoint.payload.type,,
,,,,,,EHDSEndpoint.payload.mimeType,,
,,,,,,EHDSEndpoint.payload.profileCanonical,,
,,,,,,EHDSEndpoint.payload.profileUri,,
,,,,,,EHDSEndpoint.address,,
,,,,,,EHDSEndpoint.header,,
,,,,,,EHDSHealthProfessional.identifier,,SHALL:able-to-populate
,,,,,,EHDSHealthProfessional.name,,SHALL:able-to-populate
,,,,,,EHDSHealthProfessional.address,,
,,,,,,EHDSHealthProfessional.telecom,,
,,,,,,EHDSHealthProfessional.professionalRole,,SHOULD:able-to-populate
,,,,,,EHDSHealthProfessional.professionalRole.role,,SHOULD:able-to-populate
,,,,,,EHDSHealthProfessional.professionalRole.organisation,,SHALL:able-to-populate
,,,,,,EHDSHealthProfessional.professionalRole.specialty,,SHOULD:able-to-populate
,,,,,,EHDSHumanName.use,,
,,,,,,EHDSHumanName.text,,
,,,,,,EHDSHumanName.family,,
,,,,,,EHDSHumanName.given,,
,,,,,,EHDSHumanName.prefix,,
,,,,,,EHDSHumanName.suffix,,
,,,,,,EHDSImagingReport.header,SHALL:process,SHALL:able-to-populate
,,,,,,EHDSImagingReport.header.subject,SHALL:process,SHALL:able-to-populate
,,,,,,EHDSImagingReport.header.identifier,SHALL:process,SHALL:able-to-populate
,,,,,,EHDSImagingReport.header.author[x],SHOULD:process,SHALL:able-to-populate
,,,,,,EHDSImagingReport.header.date,SHALL:process,SHALL:able-to-populate
,,,,,,EHDSImagingReport.header.status,SHALL:process,SHALL:able-to-populate
,,,,,,EHDSImagingReport.header.source,,
,,,,,,EHDSImagingReport.header.language,,SHALL:able-to-populate
,,,,,,EHDSImagingReport.header.documentType,,SHALL:able-to-populate
,,,,,,EHDSImagingReport.header.documentTitle,,SHALL:able-to-populate
,,,,,,EHDSImagingReport.header.period,,SHOULD:able-to-populate
,,,,,,EHDSImagingReport.header.version,,
,,,,,,EHDSImagingReport.header.attestation,,SHALL:able-to-populate
,,,,,,EHDSImagingReport.header.attestation.attester[x],SHOULD:process,SHALL:able-to-populate
,,,,,,EHDSImagingReport.header.attestation.datetime,,SHALL:able-to-populate
,,,,,,EHDSImagingReport.header.legalAuthentication,,SHALL:able-to-populate
,,,,,,EHDSImagingReport.header.legalAuthentication.legalAuthenticator[x],SHOULD:process,SHALL:able-to-populate
,,,,,,EHDSImagingReport.header.legalAuthentication.datetime,,SHALL:able-to-populate
,,,,,,EHDSImagingReport.header.eventType,SHOULD:process,SHOULD:able-to-populate
,,,,,,EHDSImagingReport.header.serviceSpecialty,SHOULD:process,
,,,,,,EHDSImagingReport.header.custodian,SHOULD:process,SHOULD:able-to-populate
,,,,,,EHDSImagingReport.header.accessionNumber,SHOULD:process,SHALL:able-to-populate
,,,,,,EHDSImagingReport.header.intendedRecipient[x],,SHOULD:able-to-populate
,,,,,,EHDSImagingReport.presentedForm,SHOULD:process,SHOULD:able-to-populate
,,,,,,EHDSImagingReport.body,SHOULD:process,SHALL:able-to-populate
,,,,,,EHDSImagingReport.body.orderInformation,SHOULD:process,SHOULD:able-to-populate
,,,,,,EHDSImagingReport.body.orderInformation.orderId,SHALL:process,SHALL:able-to-populate
,,,,,,EHDSImagingReport.body.orderInformation.orderDateAndTime,,
,,,,,,EHDSImagingReport.body.orderInformation.orderPlacer[x],,
,,,,,,EHDSImagingReport.body.orderInformation.orderReason[x],SHOULD:process,SHOULD:able-to-populate
,,,,,,EHDSImagingReport.body.orderInformation.clinicalQuestion,SHOULD:process,SHALL:able-to-populate
,,,,,,EHDSImagingReport.body.supportingInformation,SHOULD:process,SHOULD:able-to-populate
,,,,,,EHDSImagingReport.body.supportingInformation.observation,,SHOULD:able-to-populate
,,,,,,EHDSImagingReport.body.supportingInformation.condition,,SHOULD:able-to-populate
,,,,,,EHDSImagingReport.body.supportingInformation.priorMedicationAdministration,,SHOULD:able-to-populate
,,,,,,EHDSImagingReport.body.supportingInformation.device,,SHOULD:able-to-populate
,,,,,,EHDSImagingReport.body.supportingInformation.pregnancyStatus,,SHOULD:able-to-populate
,,,,,,EHDSImagingReport.body.supportingInformation.sexForClinicalUse,,SHOULD:able-to-populate
,,,,,,EHDSImagingReport.body.specimen,SHOULD:process,SHOULD:able-to-populate
,,,,,,EHDSImagingReport.body.exposureInformation,,SHOULD:able-to-populate
,,,,,,EHDSImagingReport.body.examinationReport,SHOULD:process,SHALL:able-to-populate
,,,,,,EHDSImagingReport.body.examinationReport.modality,SHOULD:process,SHALL:able-to-populate
,,,,,,EHDSImagingReport.body.examinationReport.bodySite,SHOULD:process,SHALL:able-to-populate
,,,,,,EHDSImagingReport.body.examinationReport.imagingProcedures,SHOULD:process,SHALL:able-to-populate
,,,,,,EHDSImagingReport.body.examinationReport.medicationAdministration,SHOULD:process,SHALL:able-to-populate
,,,,,,EHDSImagingReport.body.examinationReport.adverseReaction,SHOULD:process,SHALL:able-to-populate
,,,,,,EHDSImagingReport.body.examinationReport.results[x],SHOULD:process,SHALL:able-to-populate
,,,,,,EHDSImagingReport.body.examinationReport.conclusion,SHOULD:process,SHALL:able-to-populate
,,,,,,EHDSImagingReport.body.examinationReport.conclusion.impression,SHOULD:process,SHALL:able-to-populate
,,,,,,EHDSImagingReport.body.examinationReport.conclusion.conditionOrFinding[x],SHOULD:process,SHALL:able-to-populate
,,,,,,EHDSImagingReport.body.recommendation,SHOULD:process,SHOULD:able-to-populate
,,,,,,EHDSImagingReport.body.recommendation.description,SHOULD:process,SHALL:able-to-populate
,,,,,,EHDSImagingReport.body.recommendation.carePlan,SHOULD:process,SHOULD:able-to-populate
,,,,,,EHDSImagingReport.body.comparisonStudy,SHOULD:process,SHALL:able-to-populate
,,,,,,EHDSImagingReport.dicomStudyMetadata,SHOULD:process,SHALL:able-to-populate
,,,,,,EHDSImagingReport.attachments,SHOULD:process,SHOULD:able-to-populate
,,,,,,EHDSImagingStudy.header,SHOULD:process,SHALL:able-to-populate
,,,,,,EHDSImagingStudy.header.subject,SHOULD:process,SHALL:able-to-populate
,,,,,,EHDSImagingStudy.header.identifier,SHOULD:process,SHALL:able-to-populate
,,,,,,EHDSImagingStudy.header.author[x],SHOULD:process,SHALL:able-to-populate
,,,,,,EHDSImagingStudy.header.date,SHOULD:process,SHALL:able-to-populate
,,,,,,EHDSImagingStudy.header.status,,SHALL:able-to-populate
,,,,,,EHDSImagingStudy.header.source,,
,,,,,,EHDSImagingStudy.header.language,,SHOULD:able-to-populate
,,,,,,EHDSImagingStudy.encounter,SHOULD:process,SHOULD:able-to-populate
,,,,,,EHDSImagingStudy.studyCustodian,SHOULD:process,SHALL:able-to-populate
,,,,,,EHDSImagingStudy.studyEndpoint,SHALL:process,SHALL:able-to-populate
,,,,,,EHDSImagingStudy.series.seriesUid,SHOULD:process,SHALL:able-to-populate
,,,,,,EHDSImagingStudy.series.specimen,,
,,,,,,EHDSImagingStudy.series.instancesInTheSeries,SHOULD:process,SHALL:able-to-populate
,,,,,,EHDSImagingStudy.series.instancesInTheSeries.instanceTitle,SHOULD:process,SHALL:able-to-populate
,,,,,,EHDSImagingStudy.series.instancesInTheSeries.instanceUid,SHOULD:process,SHALL:able-to-populate
,,,,,,EHDSImagingStudy.series.instancesInTheSeries.sopClass,SHOULD:process,SHALL:able-to-populate
,,,,,,EHDSImagingStudy.series.instancesInTheSeries.instanceNumber,SHOULD:process,SHALL:able-to-populate
,,,,,,EHDSImagingStudy.series.instancesInTheSeries.numberOfFrames,,SHOULD:able-to-populate
,,,,,,EHDSImagingStudy.series.instancesInTheSeries.keyImage,,SHOULD:able-to-populate
,,,,,,EHDSImagingStudy.series.instancesInTheSeries.keyImage.flag,,SHOULD:able-to-populate
,,,,,,EHDSImagingStudy.series.instancesInTheSeries.keyImage.reason,,SHOULD:able-to-populate
,,,,,,EHDSImagingStudy.series.instancesInTheSeries.keyImage.seriesUID,,SHALL:able-to-populate
,,,,,,EHDSImagingStudy.series.instancesInTheSeries.keyImage.instanceUID,,SHALL:able-to-populate
,,,,,,EHDSImmunisation.header,,
,,,,,,EHDSImmunisation.header.subject,,SHALL:able-to-populate
,,,,,,EHDSImmunisation.header.identifier,,SHOULD:able-to-populate
,,,,,,EHDSImmunisation.header.author[x],,
,,,,,,EHDSImmunisation.header.date,,
,,,,,,EHDSImmunisation.header.status,,SHALL:able-to-populate
,,,,,,EHDSImmunisation.header.source,,
,,,,,,EHDSImmunisation.header.language,,
,,,,,,EHDSImmunisation.diseaseOrAgentTargeted,,
,,,,,,EHDSImmunisation.vaccine,,SHALL:able-to-populate
,,,,,,EHDSImmunisation.administeredProduct,,SHOULD:able-to-populate
,,,,,,EHDSImmunisation.administrationTime,,SHALL:able-to-populate
,,,,,,EHDSImmunisation.administeringCentre,,
,,,,,,EHDSImmunisation.administrator,,
,,,,,,EHDSImmunisation.note,,
,,,,,,EHDSLaboratoryObservation.header,,
,,,,,,EHDSLaboratoryObservation.header.subject,SHALL:process,SHALL:able-to-populate
,,,,,,EHDSLaboratoryObservation.header.identifier,SHALL:process,SHALL:able-to-populate
,,,,,,EHDSLaboratoryObservation.header.author[x],SHOULD:display,SHALL:able-to-populate
,,,,,,EHDSLaboratoryObservation.header.date,,
,,,,,,EHDSLaboratoryObservation.header.status,SHALL:display,SHALL:able-to-populate
,,,,,,EHDSLaboratoryObservation.header.source,,
,,,,,,EHDSLaboratoryObservation.header.language,,
,,,,,,EHDSLaboratoryObservation.header.directSubject[x],SHALL:display,SHALL:able-to-populate
,,,,,,EHDSLaboratoryObservation.observationDate[x],SHALL:display,SHALL:able-to-populate
,,,,,,EHDSLaboratoryObservation.type,SHALL:process,SHALL:able-to-populate
,,,,,,EHDSLaboratoryObservation.originalName,SHOULD:display,SHOULD:able-to-populate
,,,,,,EHDSLaboratoryObservation.method,SHALL:process,SHALL:able-to-populate
,,,,,,EHDSLaboratoryObservation.specimen,SHOULD:display,SHALL:able-to-populate
,,,,,,EHDSLaboratoryObservation.order,,SHALL:able-to-populate
,,,,,,EHDSLaboratoryObservation.performer[x],,SHOULD:able-to-populate
,,,,,,EHDSLaboratoryObservation.bodySite,,
,,,,,,EHDSLaboratoryObservation.result,SHALL:display,SHALL:able-to-populate
,,,,,,EHDSLaboratoryObservation.result.value[x],SHALL:display,SHALL:able-to-populate
,,,,,,EHDSLaboratoryObservation.result.uncertainty,SHOULD:display,SHOULD:able-to-populate
,,,,,,EHDSLaboratoryObservation.result.uncertainty.value,,
,,,,,,EHDSLaboratoryObservation.result.uncertainty.type,,
,,,,,,EHDSLaboratoryObservation.result.dataAbsentReason,SHALL:display,SHALL:able-to-populate
,,,,,,EHDSLaboratoryObservation.referenceRange,SHALL:display,SHALL:able-to-populate
,,,,,,EHDSLaboratoryObservation.referenceRange.low,SHALL:display,SHALL:able-to-populate
,,,,,,EHDSLaboratoryObservation.referenceRange.high,SHALL:display,SHALL:able-to-populate
,,,,,,EHDSLaboratoryObservation.referenceRange.normalValue,SHALL:display,SHOULD:able-to-populate
,,,,,,EHDSLaboratoryObservation.referenceRange.type,SHALL:display,SHALL:able-to-populate
,,,,,,EHDSLaboratoryObservation.referenceRange.appliesTo,,SHALL:able-to-populate
,,,,,,EHDSLaboratoryObservation.referenceRange.age,,SHALL:able-to-populate
,,,,,,EHDSLaboratoryObservation.referenceRange.text,SHALL:display,SHOULD:able-to-populate
,,,,,,EHDSLaboratoryObservation.interpretation,SHALL:display,SHALL:able-to-populate
,,,,,,EHDSLaboratoryObservation.note,SHALL:display,SHALL:able-to-populate
,,,,,,EHDSLaboratoryObservation.component,SHALL:display,SHOULD:able-to-populate
,,,,,,EHDSLaboratoryObservation.component.type,SHALL:process,SHALL:able-to-populate
,,,,,,EHDSLaboratoryObservation.component.originalName,SHOULD:display,SHOULD:able-to-populate
,,,,,,EHDSLaboratoryObservation.component.result,SHALL:display,SHALL:able-to-populate
,,,,,,EHDSLaboratoryObservation.component.result.value[x],SHALL:display,SHALL:able-to-populate
,,,,,,EHDSLaboratoryObservation.component.result.uncertainty,SHOULD:display,SHOULD:able-to-populate
,,,,,,EHDSLaboratoryObservation.component.result.uncertainty.value,,
,,,,,,EHDSLaboratoryObservation.component.result.uncertainty.type,,
,,,,,,EHDSLaboratoryObservation.component.result.dataAbsentReason,SHALL:display,SHALL:able-to-populate
,,,,,,EHDSLaboratoryObservation.component.referenceRange,SHALL:display,SHALL:able-to-populate
,,,,,,EHDSLaboratoryObservation.component.referenceRange.low,SHALL:display,SHALL:able-to-populate
,,,,,,EHDSLaboratoryObservation.component.referenceRange.high,SHALL:display,SHALL:able-to-populate
,,,,,,EHDSLaboratoryObservation.component.referenceRange.normalValue,SHALL:display,SHOULD:able-to-populate
,,,,,,EHDSLaboratoryObservation.component.referenceRange.type,SHALL:display,SHALL:able-to-populate
,,,,,,EHDSLaboratoryObservation.component.referenceRange.appliesTo,,SHALL:able-to-populate
,,,,,,EHDSLaboratoryObservation.component.referenceRange.age,,SHALL:able-to-populate
,,,,,,EHDSLaboratoryObservation.component.referenceRange.text,SHALL:display,SHOULD:able-to-populate
,,,,,,EHDSLaboratoryObservation.component.interpretation,SHALL:display,SHALL:able-to-populate
,,,,,,EHDSLaboratoryObservation.derivedFrom[x],,SHOULD:able-to-populate
,,,,,,EHDSLaboratoryObservation.hasMember[x],,SHOULD:able-to-populate
,,,,,,EHDSLaboratoryObservation.triggeredBy[x],,SHOULD:able-to-populate
,,,,,,EHDSLaboratoryObservation.testKit,SHALL:process,SHALL:able-to-populate
,,,,,,EHDSLaboratoryObservation.calibrator,SHALL:process,SHALL:able-to-populate
,,,,,,EHDSLaboratoryObservation.accreditationStatus,,
,,,,,,EHDSLaboratoryObservation.previousResults,,
,,,,,,EHDSLaboratoryObservation.pointOfCareTest,,
,,,,,,EHDSLaboratoryReport.header,SHALL:process,SHALL:able-to-populate
,,,,,,EHDSLaboratoryReport.header.subject,SHALL:process,SHALL:able-to-populate
,,,,,,EHDSLaboratoryReport.header.identifier,SHALL:process,SHALL:able-to-populate
,,,,,,EHDSLaboratoryReport.header.author[x],SHALL:display,SHALL:able-to-populate
,,,,,,EHDSLaboratoryReport.header.date,SHALL:display,SHALL:able-to-populate
,,,,,,EHDSLaboratoryReport.header.status,SHALL:display,SHALL:able-to-populate
,,,,,,EHDSLaboratoryReport.header.source,,
,,,,,,EHDSLaboratoryReport.header.language,,SHALL:able-to-populate
,,,,,,EHDSLaboratoryReport.header.documentType,,SHALL:able-to-populate
,,,,,,EHDSLaboratoryReport.header.documentTitle,,SHALL:able-to-populate
,,,,,,EHDSLaboratoryReport.header.period,,SHALL:able-to-populate
,,,,,,EHDSLaboratoryReport.header.version,,
,,,,,,EHDSLaboratoryReport.header.attestation,SHALL:display,SHALL:able-to-populate
,,,,,,EHDSLaboratoryReport.header.attestation.attester[x],SHALL:display,SHALL:able-to-populate
,,,,,,EHDSLaboratoryReport.header.attestation.datetime,,SHALL:able-to-populate
,,,,,,EHDSLaboratoryReport.header.legalAuthentication,,SHALL:able-to-populate
,,,,,,EHDSLaboratoryReport.header.legalAuthentication.legalAuthenticator[x],,SHALL:able-to-populate
,,,,,,EHDSLaboratoryReport.header.legalAuthentication.datetime,,SHALL:able-to-populate
,,,,,,EHDSLaboratoryReport.header.eventType,,SHALL:able-to-populate
,,,,,,EHDSLaboratoryReport.header.serviceSpecialty,SHOULD:display,SHALL:able-to-populate
,,,,,,EHDSLaboratoryReport.header.custodian,,SHALL:able-to-populate
,,,,,,EHDSLaboratoryReport.header.intendedRecipient[x],,
,,,,,,EHDSLaboratoryReport.presentedForm,SHALL:display,SHALL:able-to-populate
,,,,,,EHDSLaboratoryReport.body,SHALL:process,SHALL:able-to-populate
,,,,,,EHDSLaboratoryReport.body.orderInformation,SHALL:display,SHALL:able-to-populate
,,,,,,EHDSLaboratoryReport.body.orderInformation.orderId,SHOULD:process,SHALL:able-to-populate
,,,,,,EHDSLaboratoryReport.body.orderInformation.orderDateAndTime,,
,,,,,,EHDSLaboratoryReport.body.orderInformation.orderPlacer[x],SHOULD:display,SHALL:able-to-populate
,,,,,,EHDSLaboratoryReport.body.orderInformation.orderReason[x],SHALL:display,SHALL:able-to-populate
,,,,,,EHDSLaboratoryReport.body.orderInformation.clinicalQuestion,SHALL:display,SHALL:able-to-populate
,,,,,,EHDSLaboratoryReport.body.supportingInformation,SHALL:display,SHOULD:able-to-populate
,,,,,,EHDSLaboratoryReport.body.supportingInformation.observation,SHALL:display,SHOULD:able-to-populate
,,,,,,EHDSLaboratoryReport.body.supportingInformation.condition,SHALL:display,SHALL:able-to-populate
,,,,,,EHDSLaboratoryReport.body.supportingInformation.medicationAdministration,SHALL:display,SHALL:able-to-populate
,,,,,,EHDSLaboratoryReport.body.supportingInformation.sexForClinicalUse,SHALL:display,SHALL:able-to-populate
,,,,,,EHDSLaboratoryReport.body.supportingInformation.vaccination,SHALL:display,SHOULD:able-to-populate
,,,,,,EHDSLaboratoryReport.body.supportingInformation.otherSupportingInformation,SHOULD:display,SHOULD:able-to-populate
,,,,,,EHDSLaboratoryReport.body.specimen,SHALL:display,SHALL:able-to-populate
,,,,,,EHDSLaboratoryReport.body.serviceRequest,SHOULD:display,SHALL:able-to-populate
,,,,,,EHDSLaboratoryReport.body.resultData,SHALL:display,SHALL:able-to-populate
,,,,,,EHDSLaboratoryReport.body.resultData.commentsInterpretationAndRecommendations,SHALL:display,SHALL:able-to-populate
,,,,,,EHDSLaboratoryReport.body.resultData.laboratoryTestResults,SHALL:display,SHALL:able-to-populate
,,,,,,EHDSLaboratoryReport.attachments,SHOULD:display,SHOULD:able-to-populate
,,,,,,EHDSLocation.identifier,,
,,,,,,EHDSLocation.name,,
,,,,,,EHDSLocation.description,,
,,,,,,EHDSLocation.type,,
,,,,,,EHDSLocation.address,,
,,,,,,EHDSLocation.managingOrganisation,,
,,,,,,EHDSLocation.partOf,,
,,,,,,EHDSMedication.identifyingCode[x],,SHALL:able-to-populate
,,,,,,EHDSMedication.classification,,
,,,,,,EHDSMedication.productName,,SHOULD:able-to-populate
,,,,,,EHDSMedication.marketingAuthorisationHolder,,
,,,,,,EHDSMedication.marketingAuthorisationHolder.organisationName,,
,,,,,,EHDSMedication.marketingAuthorisationHolder.organisationIdentifier,,
,,,,,,EHDSMedication.doseForm,,SHOULD:able-to-populate
,,,,,,EHDSMedication.description,,
,,,,,,EHDSMedication.item,,SHOULD:able-to-populate
,,,,,,EHDSMedication.item.doseForm,,SHOULD:able-to-populate
,,,,,,EHDSMedication.item.ingredient,,
,,,,,,EHDSMedication.item.ingredient.isActive,,
,,,,,,EHDSMedication.item.ingredient.substance,,SHALL:able-to-populate
,,,,,,EHDSMedication.item.ingredient.strengthInfo,,SHOULD:able-to-populate
,,,,,,EHDSMedication.item.ingredient.strengthInfo.strength,,SHALL:able-to-populate
,,,,,,EHDSMedication.item.ingredient.strengthInfo.basisOfStrengthSubstance,,
,,,,,,EHDSMedication.item.unitOfPresentation,,
,,,,,,EHDSMedication.item.containedQuantity,,
,,,,,,EHDSMedication.item.amount,,
,,,,,,EHDSMedication.item.packageType,,
,,,,,,EHDSMedication.device,,
,,,,,,EHDSMedication.device.deviceQuantity,,
,,,,,,EHDSMedication.device.device[x],,
,,,,,,EHDSMedication.characteristic,,
,,,,,,EHDSMedication.characteristic.type,,
,,,,,,EHDSMedication.characteristic.value[x],,
,,,,,,EHDSMedication.batch,,
,,,,,,EHDSMedication.batch.lotNumber,,
,,,,,,EHDSMedication.batch.expirationDate,,
,,,,,,EHDSMedicationAdministration.header,,
,,,,,,EHDSMedicationAdministration.header.subject,,SHALL:able-to-populate
,,,,,,EHDSMedicationAdministration.header.identifier,,
,,,,,,EHDSMedicationAdministration.header.author[x],,
,,,,,,EHDSMedicationAdministration.header.date,,
,,,,,,EHDSMedicationAdministration.header.status,,SHALL:able-to-populate
,,,,,,EHDSMedicationAdministration.header.source,,
,,,,,,EHDSMedicationAdministration.header.language,,
,,,,,,EHDSMedicationAdministration.medication,,SHALL:able-to-populate
,,,,,,EHDSMedicationAdministration.occurrence[x],,SHALL:able-to-populate
,,,,,,EHDSMedicationAdministration.reason[x],,
,,,,,,EHDSMedicationAdministration.dosage,,SHALL:able-to-populate
,,,,,,EHDSMedicationAdministration.note,,
,,,,,,EHDSMedicationDispense.header,,
,,,,,,EHDSMedicationDispense.header.subject,SHALL:process,SHALL:able-to-populate
,,,,,,EHDSMedicationDispense.header.identifier,,
,,,,,,EHDSMedicationDispense.header.author[x],SHOULD:process,SHALL:able-to-populate
,,,,,,EHDSMedicationDispense.header.date,SHOULD:process,SHALL:able-to-populate
,,,,,,EHDSMedicationDispense.header.status,SHALL:process,SHALL:able-to-populate
,,,,,,EHDSMedicationDispense.header.source,,
,,,,,,EHDSMedicationDispense.header.language,,
,,,,,,EHDSMedicationDispense.dispenseLocation,,
,,,,,,EHDSMedicationDispense.receiver[x],,
,,,,,,EHDSMedicationDispense.relatedRequest,SHALL:process,SHALL:able-to-populate
,,,,,,EHDSMedicationDispense.medication,SHALL:process,SHALL:able-to-populate
,,,,,,EHDSMedicationDispense.dispensedQuantity,SHALL:process,SHALL:able-to-populate
,,,,,,EHDSMedicationDispense.timeOfDispensation,,
,,,,,,EHDSMedicationDispense.substitutionOccurred,,
,,,,,,EHDSMedicationDispense.dosageInstructions,SHOULD:process,SHOULD:able-to-populate
,,,,,,EHDSMedicationDispense.note,,
,,,,,,EHDSMedicationPrescription.header,,
,,,,,,EHDSMedicationPrescription.header.subject,SHALL:process,SHALL:able-to-populate
,,,,,,EHDSMedicationPrescription.header.identifier,SHALL:process,SHALL:able-to-populate
,,,,,,EHDSMedicationPrescription.header.author[x],SHALL:process,SHALL:able-to-populate
,,,,,,EHDSMedicationPrescription.header.date,SHALL:process,SHALL:able-to-populate
,,,,,,EHDSMedicationPrescription.header.status,SHALL:process,SHALL:able-to-populate
,,,,,,EHDSMedicationPrescription.header.source,,
,,,,,,EHDSMedicationPrescription.header.language,,
,,,,,,EHDSMedicationPrescription.header.statusReason[x],,
,,,,,,EHDSMedicationPrescription.presentedForm,SHOULD:display,SHOULD:able-to-populate
,,,,,,EHDSMedicationPrescription.prescriptionItem,SHALL:process,SHALL:able-to-populate
,,,,,,EHDSMedicationPrescription.prescriptionItem.identifier,SHALL:process,SHALL:able-to-populate
,,,,,,EHDSMedicationPrescription.prescriptionItem.status,SHALL:process,SHALL:able-to-populate
,,,,,,EHDSMedicationPrescription.prescriptionItem.statusReason[x],,
,,,,,,EHDSMedicationPrescription.prescriptionItem.medication,SHALL:process,SHALL:able-to-populate
,,,,,,EHDSMedicationPrescription.prescriptionItem.indication[x],,
,,,,,,EHDSMedicationPrescription.prescriptionItem.intendedUseType,,
,,,,,,EHDSMedicationPrescription.prescriptionItem.periodOfUse,,
,,,,,,EHDSMedicationPrescription.prescriptionItem.quantityPrescribed,SHOULD:process,SHOULD:able-to-populate
,,,,,,EHDSMedicationPrescription.prescriptionItem.dosageInstructions,SHALL:process,SHALL:able-to-populate
,,,,,,EHDSMedicationPrescription.prescriptionItem.validityPeriod,SHOULD:process,SHOULD:able-to-populate
,,,,,,EHDSMedicationPrescription.prescriptionItem.substitution,SHOULD:process,SHOULD:able-to-populate
,,,,,,EHDSMedicationPrescription.prescriptionItem.substitution.allowed[x],SHALL:process,SHALL:able-to-populate
,,,,,,EHDSMedicationPrescription.prescriptionItem.substitution.reason[x],,
,,,,,,EHDSMedicationPrescription.prescriptionItem.numberOfRepeats,,
,,,,,,EHDSMedicationPrescription.prescriptionItem.minimumDispenseInterval,,
,,,,,,EHDSMedicationPrescription.prescriptionItem.offLabel,,
,,,,,,EHDSMedicationPrescription.prescriptionItem.offLabel.isOffLabelUse,,
,,,,,,EHDSMedicationPrescription.prescriptionItem.offLabel.reason[x],,
,,,,,,EHDSMedicationPrescription.prescriptionItem.note,SHOULD:display,SHOULD:able-to-populate
,,,,,,EHDSMedicationUse.header,,
,,,,,,EHDSMedicationUse.header.subject,,SHALL:able-to-populate
,,,,,,EHDSMedicationUse.header.identifier,,
,,,,,,EHDSMedicationUse.header.author[x],,
,,,,,,EHDSMedicationUse.header.date,,
,,,,,,EHDSMedicationUse.header.status,,SHALL:able-to-populate
,,,,,,EHDSMedicationUse.header.source,,
,,,,,,EHDSMedicationUse.header.language,,
,,,,,,EHDSMedicationUse.treatmentStatus,,
,,,,,,EHDSMedicationUse.changeType,,
,,,,,,EHDSMedicationUse.medication,,SHALL:able-to-populate
,,,,,,EHDSMedicationUse.reason[x],,SHOULD:able-to-populate
,,,,,,EHDSMedicationUse.dosageInstructions,,SHALL:able-to-populate
,,,,,,EHDSMedicationUse.periodOfUse,,SHALL:able-to-populate
,,,,,,EHDSMedicationUse.derivedFrom[x],,
,,,,,,EHDSMedicationUse.note,,SHOULD:able-to-populate
,,,,,,EHDSObservation.header,,
,,,,,,EHDSObservation.header.subject,SHALL:process,SHALL:able-to-populate
,,,,,,EHDSObservation.header.identifier,SHALL:process,SHALL:able-to-populate
,,,,,,EHDSObservation.header.author[x],SHOULD:display,SHOULD:able-to-populate
,,,,,,EHDSObservation.header.date,,
,,,,,,EHDSObservation.header.status,SHALL:display,SHALL:able-to-populate
,,,,,,EHDSObservation.header.source,,
,,,,,,EHDSObservation.header.language,,
,,,,,,EHDSObservation.header.directSubject[x],SHALL:display,SHALL:able-to-populate
,,,,,,EHDSObservation.observationDate[x],SHALL:display,SHALL:able-to-populate
,,,,,,EHDSObservation.type,SHALL:process,SHALL:able-to-populate
,,,,,,EHDSObservation.originalName,SHOULD:display,SHOULD:able-to-populate
,,,,,,EHDSObservation.method,,
,,,,,,EHDSObservation.specimen,,
,,,,,,EHDSObservation.order,,
,,,,,,EHDSObservation.performer[x],,SHOULD:able-to-populate
,,,,,,EHDSObservation.bodySite,,
,,,,,,EHDSObservation.result,SHALL:display,SHALL:able-to-populate
,,,,,,EHDSObservation.result.value[x],SHALL:display,SHALL:able-to-populate
,,,,,,EHDSObservation.result.uncertainty,SHOULD:display,SHOULD:able-to-populate
,,,,,,EHDSObservation.result.uncertainty.value,,
,,,,,,EHDSObservation.result.uncertainty.type,,
,,,,,,EHDSObservation.result.dataAbsentReason,SHALL:display,SHALL:able-to-populate
,,,,,,EHDSObservation.referenceRange,SHALL:display,SHOULD:able-to-populate
,,,,,,EHDSObservation.referenceRange.low,,
,,,,,,EHDSObservation.referenceRange.high,,
,,,,,,EHDSObservation.referenceRange.normalValue,,
,,,,,,EHDSObservation.referenceRange.type,,
,,,,,,EHDSObservation.referenceRange.appliesTo,,
,,,,,,EHDSObservation.referenceRange.age,,
,,,,,,EHDSObservation.referenceRange.text,,
,,,,,,EHDSObservation.interpretation,,
,,,,,,EHDSObservation.note,,
,,,,,,EHDSObservation.component,,
,,,,,,EHDSObservation.component.type,SHALL:process,SHALL:able-to-populate
,,,,,,EHDSObservation.component.originalName,SHOULD:display,SHOULD:able-to-populate
,,,,,,EHDSObservation.component.result,SHALL:display,SHALL:able-to-populate
,,,,,,EHDSObservation.component.result.value[x],,SHALL:able-to-populate
,,,,,,EHDSObservation.component.result.uncertainty,SHOULD:display,SHOULD:able-to-populate
,,,,,,EHDSObservation.component.result.uncertainty.value,,
,,,,,,EHDSObservation.component.result.uncertainty.type,,
,,,,,,EHDSObservation.component.result.dataAbsentReason,SHALL:display,SHALL:able-to-populate
,,,,,,EHDSObservation.component.referenceRange,SHALL:display,SHOULD:able-to-populate
,,,,,,EHDSObservation.component.referenceRange.low,,
,,,,,,EHDSObservation.component.referenceRange.high,,
,,,,,,EHDSObservation.component.referenceRange.normalValue,,
,,,,,,EHDSObservation.component.referenceRange.type,,
,,,,,,EHDSObservation.component.referenceRange.appliesTo,,
,,,,,,EHDSObservation.component.referenceRange.age,,
,,,,,,EHDSObservation.component.referenceRange.text,,
,,,,,,EHDSObservation.component.interpretation,,
,,,,,,EHDSObservation.derivedFrom[x],,
,,,,,,EHDSObservation.hasMember[x],,
,,,,,,EHDSOrganisation.identifier,,SHALL:able-to-populate
,,,,,,EHDSOrganisation.type,,
,,,,,,EHDSOrganisation.name,,SHALL:able-to-populate
,,,,,,EHDSOrganisation.address,,
,,,,,,EHDSOrganisation.telecom,,SHOULD:able-to-populate
,,,,,,EHDSOrganisation.partOf,,
,,,,,,EHDSPatient.dateOfBirth,,SHOULD:able-to-populate
,,,,,,EHDSPatient.deceased[x],,
,,,,,,EHDSPatient.address,,
,,,,,,EHDSPatient.telecom,,
,,,,,,EHDSPatientSummary.header,SHALL:process,SHALL:able-to-populate
,,,,,,EHDSPatientSummary.header.subject,SHALL:process,SHALL:able-to-populate
,,,,,,EHDSPatientSummary.header.identifier,SHALL:process,SHALL:able-to-populate
,,,,,,EHDSPatientSummary.header.author[x],SHALL:process,SHALL:able-to-populate
,,,,,,EHDSPatientSummary.header.date,SHALL:process,SHALL:able-to-populate
,,,,,,EHDSPatientSummary.header.status,SHALL:process,SHALL:able-to-populate
,,,,,,EHDSPatientSummary.header.source,,
,,,,,,EHDSPatientSummary.header.language,SHOULD:process,SHOULD:able-to-populate
,,,,,,EHDSPatientSummary.header.documentType,SHALL:process,SHALL:able-to-populate
,,,,,,EHDSPatientSummary.header.documentTitle,SHALL:process,SHALL:able-to-populate
,,,,,,EHDSPatientSummary.header.period,,
,,,,,,EHDSPatientSummary.header.version,,
,,,,,,EHDSPatientSummary.header.attestation,,
,,,,,,EHDSPatientSummary.header.attestation.attester[x],,
,,,,,,EHDSPatientSummary.header.attestation.datetime,,
,,,,,,EHDSPatientSummary.header.legalAuthentication,SHALL:process,SHALL:able-to-populate
,,,,,,EHDSPatientSummary.header.legalAuthentication.legalAuthenticator[x],,
,,,,,,EHDSPatientSummary.header.legalAuthentication.datetime,,
,,,,,,EHDSPatientSummary.header.eventType,,
,,,,,,EHDSPatientSummary.header.serviceSpecialty,,
,,,,,,EHDSPatientSummary.header.custodian,,
,,,,,,EHDSPatientSummary.presentedForm,SHOULD:display,SHOULD:able-to-populate
,,,,,,EHDSPatientSummary.alerts,SHOULD:process,SHOULD:able-to-populate
,,,,,,EHDSPatientSummary.alerts.generatedNarrative,SHOULD:display,SHOULD:able-to-populate
,,,,,,EHDSPatientSummary.alerts.medicalAlert,SHALL:process,SHALL:able-to-populate
,,,,,,EHDSPatientSummary.alerts.note,SHOULD:display,SHOULD:able-to-populate
,,,,,,EHDSPatientSummary.allergiesAndIntolerances,SHALL:process,SHALL:able-to-populate
,,,,,,EHDSPatientSummary.allergiesAndIntolerances.generatedNarrative,SHOULD:display,SHOULD:able-to-populate
,,,,,,EHDSPatientSummary.allergiesAndIntolerances.allergyIntolerance,SHALL:process,SHALL:able-to-populate
,,,,,,EHDSPatientSummary.allergiesAndIntolerances.emptyReason,SHALL:process,SHALL:able-to-populate
,,,,,,EHDSPatientSummary.allergiesAndIntolerances.note,SHOULD:display,SHOULD:able-to-populate
,,,,,,EHDSPatientSummary.problems,SHALL:process,SHALL:able-to-populate
,,,,,,EHDSPatientSummary.problems.generatedNarrative,SHOULD:process,SHOULD:able-to-populate
,,,,,,EHDSPatientSummary.problems.emptyReason,SHALL:process,SHALL:able-to-populate
,,,,,,EHDSPatientSummary.problems.problem,SHALL:process,SHALL:able-to-populate
,,,,,,EHDSPatientSummary.problems.note,SHOULD:process,SHOULD:able-to-populate
,,,,,,EHDSPatientSummary.medicationSummary,SHALL:process,SHALL:able-to-populate
,,,,,,EHDSPatientSummary.medicationSummary.generatedNarrative,SHOULD:display,SHOULD:able-to-populate
,,,,,,EHDSPatientSummary.medicationSummary.emptyReason,SHALL:process,SHALL:able-to-populate
,,,,,,EHDSPatientSummary.medicationSummary.medicationUse,SHALL:process,SHALL:able-to-populate
,,,,,,EHDSPatientSummary.medicationSummary.note,SHOULD:display,SHOULD:able-to-populate
,,,,,,EHDSPatientSummary.medicalDevicesAndImplants,SHALL:process,SHALL:able-to-populate
,,,,,,EHDSPatientSummary.medicalDevicesAndImplants.generatedNarrative,SHOULD:process,SHOULD:able-to-populate
,,,,,,EHDSPatientSummary.medicalDevicesAndImplants.emptyReason,SHALL:process,SHALL:able-to-populate
,,,,,,EHDSPatientSummary.medicalDevicesAndImplants.deviceUse,SHALL:process,SHALL:able-to-populate
,,,,,,EHDSPatientSummary.medicalDevicesAndImplants.note,SHOULD:process,SHOULD:able-to-populate
,,,,,,EHDSPatientSummary.procedures,SHALL:process,SHALL:able-to-populate
,,,,,,EHDSPatientSummary.procedures.generatedNarrative,SHOULD:process,SHOULD:able-to-populate
,,,,,,EHDSPatientSummary.procedures.emptyReason,SHALL:process,SHALL:able-to-populate
,,,,,,EHDSPatientSummary.procedures.procedure,SHALL:process,SHALL:able-to-populate
,,,,,,EHDSPatientSummary.procedures.note,SHOULD:process,SHOULD:able-to-populate
,,,,,,EHDSPatientSummary.immunisations,SHOULD:process,SHOULD:able-to-populate
,,,,,,EHDSPatientSummary.immunisations.generatedNarrative,SHOULD:process,SHOULD:able-to-populate
,,,,,,EHDSPatientSummary.immunisations.immunisation,SHALL:process,SHALL:able-to-populate
,,,,,,EHDSPatientSummary.immunisations.note,SHOULD:process,SHOULD:able-to-populate
,,,,,,EHDSPatientSummary.functionalStatus,,
,,,,,,EHDSPatientSummary.functionalStatus.generatedNarrative,,
,,,,,,EHDSPatientSummary.functionalStatus.condition,,
,,,,,,EHDSPatientSummary.functionalStatus.assessment,,
,,,,,,EHDSPatientSummary.functionalStatus.note,,
,,,,,,EHDSPatientSummary.socialHistory,,
,,,,,,EHDSPatientSummary.socialHistory.generatedNarrative,,
,,,,,,EHDSPatientSummary.socialHistory.observation,,
,,,,,,EHDSPatientSummary.socialHistory.note,,
,,,,,,EHDSPatientSummary.pregnancyHistory,SHOULD:process,SHOULD:able-to-populate
,,,,,,EHDSPatientSummary.pregnancyHistory.generatedNarrative,SHOULD:process,SHOULD:able-to-populate
,,,,,,EHDSPatientSummary.pregnancyHistory.currentPregnancyStatus,SHALL:process,SHALL:able-to-populate
,,,,,,EHDSPatientSummary.pregnancyHistory.previousPregnancies,,
,,,,,,EHDSPatientSummary.pregnancyHistory.note,SHOULD:process,SHOULD:able-to-populate
,,,,,,EHDSPatientSummary.travelHistory,,
,,,,,,EHDSPatientSummary.travelHistory.generatedNarrative,,
,,,,,,EHDSPatientSummary.travelHistory.travelHistory,,
,,,,,,EHDSPatientSummary.travelHistory.note,,
,,,,,,EHDSPatientSummary.patientStory,SHOULD:process,
,,,,,,EHDSPatientSummary.patientStory.note,,
,,,,,,EHDSPatientSummary.advanceDirectives,SHOULD:process,
,,,,,,EHDSPatientSummary.advanceDirectives.generatedNarrative,,
,,,,,,EHDSPatientSummary.advanceDirectives.advanceDirective,,
,,,,,,EHDSPatientSummary.advanceDirectives.note,,
,,,,,,EHDSPatientSummary.observationResults,,
,,,,,,EHDSPatientSummary.observationResults.generatedNarrative,,
,,,,,,EHDSPatientSummary.observationResults.result,,
,,,,,,EHDSPatientSummary.observationResults.note,,
,,,,,,EHDSPatientSummary.carePlans,,
,,,,,,EHDSPatientSummary.carePlans.generatedNarrative,,
,,,,,,EHDSPatientSummary.carePlans.carePlan,,
,,,,,,EHDSPatientSummary.carePlans.note,,
,,,,,,EHDSPregnancyHistory.header,,
,,,,,,EHDSPregnancyHistory.header.subject,,
,,,,,,EHDSPregnancyHistory.header.identifier,,
,,,,,,EHDSPregnancyHistory.header.author[x],,
,,,,,,EHDSPregnancyHistory.header.date,,
,,,,,,EHDSPregnancyHistory.header.status,,
,,,,,,EHDSPregnancyHistory.header.source,,
,,,,,,EHDSPregnancyHistory.header.language,,
,,,,,,EHDSPregnancyHistory.endDate,,
,,,,,,EHDSPregnancyHistory.outcome,,
,,,,,,EHDSPregnancyHistory.numberOfFetuses,,
,,,,,,EHDSPregnancyHistory.note,,
,,,,,,EHDSProcedure.header,,
,,,,,,EHDSProcedure.header.subject,,SHALL:able-to-populate
,,,,,,EHDSProcedure.header.identifier,,SHOULD:able-to-populate
,,,,,,EHDSProcedure.header.author[x],,
,,,,,,EHDSProcedure.header.date,,
,,,,,,EHDSProcedure.header.status,,SHALL:able-to-populate
,,,,,,EHDSProcedure.header.source,,
,,,,,,EHDSProcedure.header.language,,
,,,,,,EHDSProcedure.code,,SHALL:able-to-populate
,,,,,,EHDSProcedure.procedureDate[x],,SHALL:able-to-populate
,,,,,,EHDSProcedure.performer,,
,,,,,,EHDSProcedure.bodySite,,SHOULD:able-to-populate
,,,,,,EHDSProcedure.reason[x],,
,,,,,,EHDSProcedure.outcome,,
,,,,,,EHDSProcedure.complication,,
,,,,,,EHDSProcedure.deviceUsed,,
,,,,,,EHDSProcedure.focalDevice,,
,,,,,,EHDSProcedure.note,,SHOULD:able-to-populate
,,,,,,EHDSRelatedPerson.personalIdentifier,,SHOULD:able-to-populate
,,,,,,EHDSRelatedPerson.name,,SHOULD:able-to-populate
,,,,,,EHDSRelatedPerson.subject,,SHALL:able-to-populate
,,,,,,EHDSRelatedPerson.relationship,,SHALL:able-to-populate
,,,,,,EHDSRelatedPerson.address,,
,,,,,,EHDSRelatedPerson.telecom,,SHOULD:able-to-populate
,,,,,,EHDSServiceRequest.header,,
,,,,,,EHDSServiceRequest.header.subject,,
,,,,,,EHDSServiceRequest.header.identifier,,
,,,,,,EHDSServiceRequest.header.author[x],,
,,,,,,EHDSServiceRequest.header.date,,
,,,,,,EHDSServiceRequest.header.status,,
,,,,,,EHDSServiceRequest.header.source,,
,,,,,,EHDSServiceRequest.header.language,,
,,,,,,EHDSServiceRequest.description,,
,,,,,,EHDSServiceRequest.code,,
,,,,,,EHDSServiceRequest.quantity,,
,,,,,,EHDSServiceRequest.bodySite,,
,,,,,,EHDSServiceRequest.reason[x],,
,,,,,,EHDSServiceRequest.priority,,
,,,,,,EHDSServiceRequest.supportingInformation[x],,
,,,,,,EHDSServiceRequest.specimen,,
,,,,,,EHDSServiceRequest.encounter,,
,,,,,,EHDSServiceRequest.occurrence[x],,
,,,,,,EHDSServiceRequest.patientInstructions,,
,,,,,,EHDSSpecimen.identifier,,
,,,,,,EHDSSpecimen.status,,
,,,,,,EHDSSpecimen.type,,
,,,,,,EHDSSpecimen.specimenSource[x],,
,,,,,,EHDSSpecimen.parentSpecimen,,
,,,,,,EHDSSpecimen.request,,
,,,,,,EHDSSpecimen.combined,,
,,,,,,EHDSSpecimen.collection,,
,,,,,,EHDSSpecimen.collection.performer[x],,
,,,,,,EHDSSpecimen.collection.collected[x],,
,,,,,,EHDSSpecimen.collection.quantity,,
,,,,,,EHDSSpecimen.collection.method,,
,,,,,,EHDSSpecimen.collection.device,,
,,,,,,EHDSSpecimen.collection.bodySite,,
,,,,,,EHDSSpecimen.receivedDate,,
,,,,,,EHDSSpecimen.container,,
,,,,,,EHDSSpecimen.container.specimenQuantity,,
,,,,,,EHDSSpecimen.container.containerDevice,,
,,,,,,EHDSSpecimen.condition,,
,,,,,,EHDSSpecimen.note,,
,,,,,,EHDSTelecom.use,,
,,,,,,EHDSTelecom.type,,
,,,,,,EHDSTelecom.value,,
,,,,,,EHDSTravelHistory.header,,
,,,,,,EHDSTravelHistory.header.subject,,
,,,,,,EHDSTravelHistory.header.identifier,,
,,,,,,EHDSTravelHistory.header.author[x],,
,,,,,,EHDSTravelHistory.header.date,,
,,,,,,EHDSTravelHistory.header.status,,
,,,,,,EHDSTravelHistory.header.source,,
,,,,,,EHDSTravelHistory.header.language,,
,,,,,,EHDSTravelHistory.country,,
,,,,,,EHDSTravelHistory.period,,
